artifact_id	name	MB	run	commit	run_created	run_result	why_not_needed
11512342078	qa-evidence	3.3	37680779754	4dbc462	2026-10-07T20:16	failure	failure gate run on 4dbc462, classified in NOTES/buglog (2026-10-07); superseded by newer gates (fb891fd, dad6597) that carry the same open findings; no open bug/owner decision needs this copy; not certification/release (no C1/Soak run yet, no release)
11510641368	shard-s01-r01	0.0	37680779754	4dbc462	2026-10-07T20:16	failure	failure gate run on 4dbc462, classified in NOTES/buglog (2026-10-07); superseded by newer gates (fb891fd, dad6597) that carry the same open findings; no open bug/owner decision needs this copy; not certification/release (no C1/Soak run yet, no release)
11510122435	shard-s03-r01	0.0	37680779754	4dbc462	2026-10-07T20:16	failure	failure gate run on 4dbc462, classified in NOTES/buglog (2026-10-07); superseded by newer gates (fb891fd, dad6597) that carry the same open findings; no open bug/owner decision needs this copy; not certification/release (no C1/Soak run yet, no release)
11510112108	verdict	0.1	37680779754	4dbc462	2026-10-07T20:16	failure	failure gate run on 4dbc462, classified in NOTES/buglog (2026-10-07); superseded by newer gates (fb891fd, dad6597) that carry the same open findings; no open bug/owner decision needs this copy; not certification/release (no C1/Soak run yet, no release)
11509495835	shard-s02-r01	0.1	37680779754	4dbc462	2026-10-07T20:16	failure	failure gate run on 4dbc462, classified in NOTES/buglog (2026-10-07); superseded by newer gates (fb891fd, dad6597) that carry the same open findings; no open bug/owner decision needs this copy; not certification/release (no C1/Soak run yet, no release)
11509312776	shard-s04-r01	0.0	37680779754	4dbc462	2026-10-07T20:16	failure	failure gate run on 4dbc462, classified in NOTES/buglog (2026-10-07); superseded by newer gates (fb891fd, dad6597) that carry the same open findings; no open bug/owner decision needs this copy; not certification/release (no C1/Soak run yet, no release)
11509147117	website	0.4	37680779754	4dbc462	2026-10-07T20:16	failure	failure gate run on 4dbc462, classified in NOTES/buglog (2026-10-07); superseded by newer gates (fb891fd, dad6597) that carry the same open findings; no open bug/owner decision needs this copy; not certification/release (no C1/Soak run yet, no release)
11508978489	website-check-report	25.3	37680779754	4dbc462	2026-10-07T20:16	failure	failure gate run on 4dbc462, classified in NOTES/buglog (2026-10-07); superseded by newer gates (fb891fd, dad6597) that carry the same open findings; no open bug/owner decision needs this copy; not certification/release (no C1/Soak run yet, no release)
11508383653	build	55.6	37680779754	4dbc462	2026-10-07T20:16	failure	failure gate run on 4dbc462, classified in NOTES/buglog (2026-10-07); superseded by newer gates (fb891fd, dad6597) that carry the same open findings; no open bug/owner decision needs this copy; not certification/release (no C1/Soak run yet, no release)
11507779649	client-setup-screens	1.0	37680779754	4dbc462	2026-10-07T20:16	failure	failure gate run on 4dbc462, classified in NOTES/buglog (2026-10-07); superseded by newer gates (fb891fd, dad6597) that carry the same open findings; no open bug/owner decision needs this copy; not certification/release (no C1/Soak run yet, no release)
11507699542	plan	0.0	37680779754	4dbc462	2026-10-07T20:16	failure	failure gate run on 4dbc462, classified in NOTES/buglog (2026-10-07); superseded by newer gates (fb891fd, dad6597) that carry the same open findings; no open bug/owner decision needs this copy; not certification/release (no C1/Soak run yet, no release)
11505429753	qa-evidence	3.3	37665992276	aa06935	2026-10-07T18:19	cancelled	cancelled gate run on aa06935, classified in NOTES/buglog (2026-10-07); superseded by newer gates (fb891fd, dad6597) that carry the same open findings; no open bug/owner decision needs this copy; not certification/release (no C1/Soak run yet, no release)
11504008113	screen-check-report	6.0	37665992276	aa06935	2026-10-07T18:19	cancelled	cancelled gate run on aa06935, classified in NOTES/buglog (2026-10-07); superseded by newer gates (fb891fd, dad6597) that carry the same open findings; no open bug/owner decision needs this copy; not certification/release (no C1/Soak run yet, no release)
11503982868	shard-s03-r01	0.0	37665992276	aa06935	2026-10-07T18:19	cancelled	cancelled gate run on aa06935, classified in NOTES/buglog (2026-10-07); superseded by newer gates (fb891fd, dad6597) that carry the same open findings; no open bug/owner decision needs this copy; not certification/release (no C1/Soak run yet, no release)
11503976900	shard-s01-r01	0.0	37665992276	aa06935	2026-10-07T18:19	cancelled	cancelled gate run on aa06935, classified in NOTES/buglog (2026-10-07); superseded by newer gates (fb891fd, dad6597) that carry the same open findings; no open bug/owner decision needs this copy; not certification/release (no C1/Soak run yet, no release)
11503953049	verdict	0.0	37665992276	aa06935	2026-10-07T18:19	cancelled	cancelled gate run on aa06935, classified in NOTES/buglog (2026-10-07); superseded by newer gates (fb891fd, dad6597) that carry the same open findings; no open bug/owner decision needs this copy; not certification/release (no C1/Soak run yet, no release)
11503496709	client-setup-screens	1.0	37665992276	aa06935	2026-10-07T18:19	cancelled	cancelled gate run on aa06935, classified in NOTES/buglog (2026-10-07); superseded by newer gates (fb891fd, dad6597) that carry the same open findings; no open bug/owner decision needs this copy; not certification/release (no C1/Soak run yet, no release)
11503126463	plan	0.0	37665992276	aa06935	2026-10-07T18:19	cancelled	cancelled gate run on aa06935, classified in NOTES/buglog (2026-10-07); superseded by newer gates (fb891fd, dad6597) that carry the same open findings; no open bug/owner decision needs this copy; not certification/release (no C1/Soak run yet, no release)
11503031595	build	55.4	37665992276	aa06935	2026-10-07T18:19	cancelled	cancelled gate run on aa06935, classified in NOTES/buglog (2026-10-07); superseded by newer gates (fb891fd, dad6597) that carry the same open findings; no open bug/owner decision needs this copy; not certification/release (no C1/Soak run yet, no release)
11502942367	shard-s04-r01	0.0	37665992276	aa06935	2026-10-07T18:19	cancelled	cancelled gate run on aa06935, classified in NOTES/buglog (2026-10-07); superseded by newer gates (fb891fd, dad6597) that carry the same open findings; no open bug/owner decision needs this copy; not certification/release (no C1/Soak run yet, no release)
11502724107	shard-s02-r01	0.0	37665992276	aa06935	2026-10-07T18:19	cancelled	cancelled gate run on aa06935, classified in NOTES/buglog (2026-10-07); superseded by newer gates (fb891fd, dad6597) that carry the same open findings; no open bug/owner decision needs this copy; not certification/release (no C1/Soak run yet, no release)
11498535995	qa-evidence	3.3	37647683575	ba9318c	2026-10-07T15:53	failure	failure gate run on ba9318c, classified in NOTES/buglog (2026-10-07); superseded by newer gates (fb891fd, dad6597) that carry the same open findings; no open bug/owner decision needs this copy; not certification/release (no C1/Soak run yet, no release)
11496385384	website-check-report	25.3	37647683575	ba9318c	2026-10-07T15:53	failure	failure gate run on ba9318c, classified in NOTES/buglog (2026-10-07); superseded by newer gates (fb891fd, dad6597) that carry the same open findings; no open bug/owner decision needs this copy; not certification/release (no C1/Soak run yet, no release)
11496115918	website	0.4	37647683575	ba9318c	2026-10-07T15:53	failure	failure gate run on ba9318c, classified in NOTES/buglog (2026-10-07); superseded by newer gates (fb891fd, dad6597) that carry the same open findings; no open bug/owner decision needs this copy; not certification/release (no C1/Soak run yet, no release)
11496073626	screen-check-report	6.0	37647683575	ba9318c	2026-10-07T15:53	failure	failure gate run on ba9318c, classified in NOTES/buglog (2026-10-07); superseded by newer gates (fb891fd, dad6597) that carry the same open findings; no open bug/owner decision needs this copy; not certification/release (no C1/Soak run yet, no release)
11494434508	client-setup-screens	1.0	37647683575	ba9318c	2026-10-07T15:53	failure	failure gate run on ba9318c, classified in NOTES/buglog (2026-10-07); superseded by newer gates (fb891fd, dad6597) that carry the same open findings; no open bug/owner decision needs this copy; not certification/release (no C1/Soak run yet, no release)
11493520316	qa-evidence	3.3	37635681591	193e89c	2026-10-07T14:19	failure	failure gate run on 193e89c, classified in NOTES/buglog (2026-10-07); superseded by newer gates (fb891fd, dad6597) that carry the same open findings; no open bug/owner decision needs this copy; not certification/release (no C1/Soak run yet, no release)
11490860893	client-setup-screens	1.0	37635681591	193e89c	2026-10-07T14:19	failure	failure gate run on 193e89c, classified in NOTES/buglog (2026-10-07); superseded by newer gates (fb891fd, dad6597) that carry the same open findings; no open bug/owner decision needs this copy; not certification/release (no C1/Soak run yet, no release)
11490113510	screen-check-report	5.4	37635681591	193e89c	2026-10-07T14:19	failure	failure gate run on 193e89c, classified in NOTES/buglog (2026-10-07); superseded by newer gates (fb891fd, dad6597) that carry the same open findings; no open bug/owner decision needs this copy; not certification/release (no C1/Soak run yet, no release)
11489905803	website-check-report	25.2	37635681591	193e89c	2026-10-07T14:19	failure	failure gate run on 193e89c, classified in NOTES/buglog (2026-10-07); superseded by newer gates (fb891fd, dad6597) that carry the same open findings; no open bug/owner decision needs this copy; not certification/release (no C1/Soak run yet, no release)
11489731159	website	0.4	37635681591	193e89c	2026-10-07T14:19	failure	failure gate run on 193e89c, classified in NOTES/buglog (2026-10-07); superseded by newer gates (fb891fd, dad6597) that carry the same open findings; no open bug/owner decision needs this copy; not certification/release (no C1/Soak run yet, no release)
11488746216	qa-evidence	2.9	37629165543	273f120	2026-10-07T13:31	cancelled	cancelled gate run on 273f120, classified in NOTES/buglog (2026-10-07); superseded by newer gates (fb891fd, dad6597) that carry the same open findings; no open bug/owner decision needs this copy; not certification/release (no C1/Soak run yet, no release)
11486209038	screen-check-report	5.4	37629165543	273f120	2026-10-07T13:31	cancelled	cancelled gate run on 273f120, classified in NOTES/buglog (2026-10-07); superseded by newer gates (fb891fd, dad6597) that carry the same open findings; no open bug/owner decision needs this copy; not certification/release (no C1/Soak run yet, no release)
11486055235	qa-evidence	2.9	37624040274	f027607	2026-10-07T12:51	cancelled	cancelled gate run on f027607, classified in NOTES/buglog (2026-10-07); superseded by newer gates (fb891fd, dad6597) that carry the same open findings; no open bug/owner decision needs this copy; not certification/release (no C1/Soak run yet, no release)
11485478066	client-setup-screens	1.0	37629165543	273f120	2026-10-07T13:31	cancelled	cancelled gate run on 273f120, classified in NOTES/buglog (2026-10-07); superseded by newer gates (fb891fd, dad6597) that carry the same open findings; no open bug/owner decision needs this copy; not certification/release (no C1/Soak run yet, no release)
11485010301	screen-check-report	5.4	37624040274	f027607	2026-10-07T12:51	cancelled	cancelled gate run on f027607, classified in NOTES/buglog (2026-10-07); superseded by newer gates (fb891fd, dad6597) that carry the same open findings; no open bug/owner decision needs this copy; not certification/release (no C1/Soak run yet, no release)
11485008191	website	0.4	37629165543	273f120	2026-10-07T13:31	cancelled	cancelled gate run on 273f120, classified in NOTES/buglog (2026-10-07); superseded by newer gates (fb891fd, dad6597) that carry the same open findings; no open bug/owner decision needs this copy; not certification/release (no C1/Soak run yet, no release)
11484938403	website-check-report	25.3	37629165543	273f120	2026-10-07T13:31	cancelled	cancelled gate run on 273f120, classified in NOTES/buglog (2026-10-07); superseded by newer gates (fb891fd, dad6597) that carry the same open findings; no open bug/owner decision needs this copy; not certification/release (no C1/Soak run yet, no release)
11483526649	website	0.4	37624040274	f027607	2026-10-07T12:51	cancelled	cancelled gate run on f027607, classified in NOTES/buglog (2026-10-07); superseded by newer gates (fb891fd, dad6597) that carry the same open findings; no open bug/owner decision needs this copy; not certification/release (no C1/Soak run yet, no release)
11483446676	website-check-report	25.2	37624040274	f027607	2026-10-07T12:51	cancelled	cancelled gate run on f027607, classified in NOTES/buglog (2026-10-07); superseded by newer gates (fb891fd, dad6597) that carry the same open findings; no open bug/owner decision needs this copy; not certification/release (no C1/Soak run yet, no release)
11483262743	qa-evidence	2.9	37618797420	165426c	2026-10-07T12:07	cancelled	cancelled gate run on 165426c, classified in NOTES/buglog (2026-10-07); superseded by newer gates (fb891fd, dad6597) that carry the same open findings; no open bug/owner decision needs this copy; not certification/release (no C1/Soak run yet, no release)
11482934490	client-setup-screens	1.0	37624040274	f027607	2026-10-07T12:51	cancelled	cancelled gate run on f027607, classified in NOTES/buglog (2026-10-07); superseded by newer gates (fb891fd, dad6597) that carry the same open findings; no open bug/owner decision needs this copy; not certification/release (no C1/Soak run yet, no release)
11481910358	qa-evidence	2.9	37618601684	e41db96	2026-10-07T12:05	cancelled	cancelled gate run on e41db96, classified in NOTES/buglog (2026-10-07); superseded by newer gates (fb891fd, dad6597) that carry the same open findings; no open bug/owner decision needs this copy; not certification/release (no C1/Soak run yet, no release)
11481759887	screen-check-report	5.4	37618797420	165426c	2026-10-07T12:07	cancelled	cancelled gate run on 165426c, classified in NOTES/buglog (2026-10-07); superseded by newer gates (fb891fd, dad6597) that carry the same open findings; no open bug/owner decision needs this copy; not certification/release (no C1/Soak run yet, no release)
11481560625	website	0.4	37618797420	165426c	2026-10-07T12:07	cancelled	cancelled gate run on 165426c, classified in NOTES/buglog (2026-10-07); superseded by newer gates (fb891fd, dad6597) that carry the same open findings; no open bug/owner decision needs this copy; not certification/release (no C1/Soak run yet, no release)
11481515859	client-setup-screens	1.0	37618797420	165426c	2026-10-07T12:07	cancelled	cancelled gate run on 165426c, classified in NOTES/buglog (2026-10-07); superseded by newer gates (fb891fd, dad6597) that carry the same open findings; no open bug/owner decision needs this copy; not certification/release (no C1/Soak run yet, no release)
11481365681	screen-check-report	1.0	37618601684	e41db96	2026-10-07T12:05	cancelled	cancelled gate run on e41db96, classified in NOTES/buglog (2026-10-07); superseded by newer gates (fb891fd, dad6597) that carry the same open findings; no open bug/owner decision needs this copy; not certification/release (no C1/Soak run yet, no release)
11481195194	client-setup-screens	1.0	37618601684	e41db96	2026-10-07T12:05	cancelled	cancelled gate run on e41db96, classified in NOTES/buglog (2026-10-07); superseded by newer gates (fb891fd, dad6597) that carry the same open findings; no open bug/owner decision needs this copy; not certification/release (no C1/Soak run yet, no release)
11481089335	website-check-report	25.3	37618797420	165426c	2026-10-07T12:07	cancelled	cancelled gate run on 165426c, classified in NOTES/buglog (2026-10-07); superseded by newer gates (fb891fd, dad6597) that carry the same open findings; no open bug/owner decision needs this copy; not certification/release (no C1/Soak run yet, no release)
11480794410	website	0.4	37618601684	e41db96	2026-10-07T12:05	cancelled	cancelled gate run on e41db96, classified in NOTES/buglog (2026-10-07); superseded by newer gates (fb891fd, dad6597) that carry the same open findings; no open bug/owner decision needs this copy; not certification/release (no C1/Soak run yet, no release)
11480149764	website-check-report	25.3	37618601684	e41db96	2026-10-07T12:05	cancelled	cancelled gate run on e41db96, classified in NOTES/buglog (2026-10-07); superseded by newer gates (fb891fd, dad6597) that carry the same open findings; no open bug/owner decision needs this copy; not certification/release (no C1/Soak run yet, no release)
11480085406	qa-evidence	3.3	37609390081	63632b0	2026-10-07T10:44	failure	failure gate run on 63632b0, classified in NOTES/buglog (2026-10-07); superseded by newer gates (fb891fd, dad6597) that carry the same open findings; no open bug/owner decision needs this copy; not certification/release (no C1/Soak run yet, no release)
11478053455	screen-check-report	5.4	37609390081	63632b0	2026-10-07T10:44	failure	failure gate run on 63632b0, classified in NOTES/buglog (2026-10-07); superseded by newer gates (fb891fd, dad6597) that carry the same open findings; no open bug/owner decision needs this copy; not certification/release (no C1/Soak run yet, no release)
11477820002	client-setup-screens	1.0	37609390081	63632b0	2026-10-07T10:44	failure	failure gate run on 63632b0, classified in NOTES/buglog (2026-10-07); superseded by newer gates (fb891fd, dad6597) that carry the same open findings; no open bug/owner decision needs this copy; not certification/release (no C1/Soak run yet, no release)
11477065837	screen-check-report	5.4	37607079171	14836ca	2026-10-07T10:23	cancelled	cancelled gate run on 14836ca, classified in NOTES/buglog (2026-10-07); superseded by newer gates (fb891fd, dad6597) that carry the same open findings; no open bug/owner decision needs this copy; not certification/release (no C1/Soak run yet, no release)
11476706947	website	0.4	37609390081	63632b0	2026-10-07T10:44	failure	failure gate run on 63632b0, classified in NOTES/buglog (2026-10-07); superseded by newer gates (fb891fd, dad6597) that carry the same open findings; no open bug/owner decision needs this copy; not certification/release (no C1/Soak run yet, no release)
11476696551	qa-evidence	2.9	37607079171	14836ca	2026-10-07T10:23	cancelled	cancelled gate run on 14836ca, classified in NOTES/buglog (2026-10-07); superseded by newer gates (fb891fd, dad6597) that carry the same open findings; no open bug/owner decision needs this copy; not certification/release (no C1/Soak run yet, no release)
11476492472	website-check-report	25.2	37609390081	63632b0	2026-10-07T10:44	failure	failure gate run on 63632b0, classified in NOTES/buglog (2026-10-07); superseded by newer gates (fb891fd, dad6597) that carry the same open findings; no open bug/owner decision needs this copy; not certification/release (no C1/Soak run yet, no release)
11475502388	website-check-report	25.2	37607079171	14836ca	2026-10-07T10:23	cancelled	cancelled gate run on 14836ca, classified in NOTES/buglog (2026-10-07); superseded by newer gates (fb891fd, dad6597) that carry the same open findings; no open bug/owner decision needs this copy; not certification/release (no C1/Soak run yet, no release)
11475482811	client-setup-screens	1.0	37607079171	14836ca	2026-10-07T10:23	cancelled	cancelled gate run on 14836ca, classified in NOTES/buglog (2026-10-07); superseded by newer gates (fb891fd, dad6597) that carry the same open findings; no open bug/owner decision needs this copy; not certification/release (no C1/Soak run yet, no release)
11475233257	website	0.4	37607079171	14836ca	2026-10-07T10:23	cancelled	cancelled gate run on 14836ca, classified in NOTES/buglog (2026-10-07); superseded by newer gates (fb891fd, dad6597) that carry the same open findings; no open bug/owner decision needs this copy; not certification/release (no C1/Soak run yet, no release)
11474644197	qa-evidence	2.9	37602684189	f020f42	2026-10-07T09:44	cancelled	cancelled gate run on f020f42, classified in NOTES/buglog (2026-10-07); superseded by newer gates (fb891fd, dad6597) that carry the same open findings; no open bug/owner decision needs this copy; not certification/release (no C1/Soak run yet, no release)
11474020424	website-check-report	25.3	37602684189	f020f42	2026-10-07T09:44	cancelled	cancelled gate run on f020f42, classified in NOTES/buglog (2026-10-07); superseded by newer gates (fb891fd, dad6597) that carry the same open findings; no open bug/owner decision needs this copy; not certification/release (no C1/Soak run yet, no release)
11473984319	screen-check-report	5.4	37602684189	f020f42	2026-10-07T09:44	cancelled	cancelled gate run on f020f42, classified in NOTES/buglog (2026-10-07); superseded by newer gates (fb891fd, dad6597) that carry the same open findings; no open bug/owner decision needs this copy; not certification/release (no C1/Soak run yet, no release)
11473656587	website	0.4	37602684189	f020f42	2026-10-07T09:44	cancelled	cancelled gate run on f020f42, classified in NOTES/buglog (2026-10-07); superseded by newer gates (fb891fd, dad6597) that carry the same open findings; no open bug/owner decision needs this copy; not certification/release (no C1/Soak run yet, no release)
11473337742	qa-evidence	2.9	37598168624	2af25eb	2026-10-07T09:05	cancelled	cancelled gate run on 2af25eb, classified in NOTES/buglog (2026-10-07); superseded by newer gates (fb891fd, dad6597) that carry the same open findings; no open bug/owner decision needs this copy; not certification/release (no C1/Soak run yet, no release)
11473304227	client-setup-screens	1.0	37602684189	f020f42	2026-10-07T09:44	cancelled	cancelled gate run on f020f42, classified in NOTES/buglog (2026-10-07); superseded by newer gates (fb891fd, dad6597) that carry the same open findings; no open bug/owner decision needs this copy; not certification/release (no C1/Soak run yet, no release)
11472836907	screen-check-report	5.4	37598168624	2af25eb	2026-10-07T09:05	cancelled	cancelled gate run on 2af25eb, classified in NOTES/buglog (2026-10-07); superseded by newer gates (fb891fd, dad6597) that carry the same open findings; no open bug/owner decision needs this copy; not certification/release (no C1/Soak run yet, no release)
11472195558	qa-evidence	2.9	37594371475	403f976	2026-10-07T08:31	cancelled	cancelled gate run on 403f976, classified in NOTES/buglog (2026-10-07); superseded by newer gates (fb891fd, dad6597) that carry the same open findings; no open bug/owner decision needs this copy; not certification/release (no C1/Soak run yet, no release)
11471911404	qa-evidence	2.9	37598037459	53c5ec9	2026-10-07T09:04	cancelled	cancelled gate run on 53c5ec9, classified in NOTES/buglog (2026-10-07); superseded by newer gates (fb891fd, dad6597) that carry the same open findings; no open bug/owner decision needs this copy; not certification/release (no C1/Soak run yet, no release)
11471871273	website-check-report	25.3	37598037459	53c5ec9	2026-10-07T09:04	cancelled	cancelled gate run on 53c5ec9, classified in NOTES/buglog (2026-10-07); superseded by newer gates (fb891fd, dad6597) that carry the same open findings; no open bug/owner decision needs this copy; not certification/release (no C1/Soak run yet, no release)
11471855324	screen-check-report	5.4	37594371475	403f976	2026-10-07T08:31	cancelled	cancelled gate run on 403f976, classified in NOTES/buglog (2026-10-07); superseded by newer gates (fb891fd, dad6597) that carry the same open findings; no open bug/owner decision needs this copy; not certification/release (no C1/Soak run yet, no release)
11471821709	screen-check-report	0.5	37598037459	53c5ec9	2026-10-07T09:04	cancelled	cancelled gate run on 53c5ec9, classified in NOTES/buglog (2026-10-07); superseded by newer gates (fb891fd, dad6597) that carry the same open findings; no open bug/owner decision needs this copy; not certification/release (no C1/Soak run yet, no release)
11471757682	website-check-report	25.2	37598168624	2af25eb	2026-10-07T09:05	cancelled	cancelled gate run on 2af25eb, classified in NOTES/buglog (2026-10-07); superseded by newer gates (fb891fd, dad6597) that carry the same open findings; no open bug/owner decision needs this copy; not certification/release (no C1/Soak run yet, no release)
11471502590	client-setup-screens	1.0	37598168624	2af25eb	2026-10-07T09:05	cancelled	cancelled gate run on 2af25eb, classified in NOTES/buglog (2026-10-07); superseded by newer gates (fb891fd, dad6597) that carry the same open findings; no open bug/owner decision needs this copy; not certification/release (no C1/Soak run yet, no release)
11471351924	website	0.4	37598037459	53c5ec9	2026-10-07T09:04	cancelled	cancelled gate run on 53c5ec9, classified in NOTES/buglog (2026-10-07); superseded by newer gates (fb891fd, dad6597) that carry the same open findings; no open bug/owner decision needs this copy; not certification/release (no C1/Soak run yet, no release)
11471068950	website	0.4	37598168624	2af25eb	2026-10-07T09:05	cancelled	cancelled gate run on 2af25eb, classified in NOTES/buglog (2026-10-07); superseded by newer gates (fb891fd, dad6597) that carry the same open findings; no open bug/owner decision needs this copy; not certification/release (no C1/Soak run yet, no release)
11470326003	qa-evidence	2.9	37594298900	eb0ac52	2026-10-07T08:31	cancelled	cancelled gate run on eb0ac52, classified in NOTES/buglog (2026-10-07); superseded by newer gates (fb891fd, dad6597) that carry the same open findings; no open bug/owner decision needs this copy; not certification/release (no C1/Soak run yet, no release)
11470277003	screen-check-report	0.5	37594298900	eb0ac52	2026-10-07T08:31	cancelled	cancelled gate run on eb0ac52, classified in NOTES/buglog (2026-10-07); superseded by newer gates (fb891fd, dad6597) that carry the same open findings; no open bug/owner decision needs this copy; not certification/release (no C1/Soak run yet, no release)
11470186594	website	0.4	37594298900	eb0ac52	2026-10-07T08:31	cancelled	cancelled gate run on eb0ac52, classified in NOTES/buglog (2026-10-07); superseded by newer gates (fb891fd, dad6597) that carry the same open findings; no open bug/owner decision needs this copy; not certification/release (no C1/Soak run yet, no release)
11470176195	client-setup-screens	0.3	37594298900	eb0ac52	2026-10-07T08:31	cancelled	cancelled gate run on eb0ac52, classified in NOTES/buglog (2026-10-07); superseded by newer gates (fb891fd, dad6597) that carry the same open findings; no open bug/owner decision needs this copy; not certification/release (no C1/Soak run yet, no release)
11470076782	website-check-report	25.3	37594371475	403f976	2026-10-07T08:31	cancelled	cancelled gate run on 403f976, classified in NOTES/buglog (2026-10-07); superseded by newer gates (fb891fd, dad6597) that carry the same open findings; no open bug/owner decision needs this copy; not certification/release (no C1/Soak run yet, no release)
11470071097	screen-check-report	5.4	37591275267	9af0ab0	2026-10-07T08:03	cancelled	cancelled gate run on 9af0ab0, classified in NOTES/buglog (2026-10-07); superseded by newer gates (fb891fd, dad6597) that carry the same open findings; no open bug/owner decision needs this copy; not certification/release (no C1/Soak run yet, no release)
11469946643	qa-evidence	2.9	37591275267	9af0ab0	2026-10-07T08:03	cancelled	cancelled gate run on 9af0ab0, classified in NOTES/buglog (2026-10-07); superseded by newer gates (fb891fd, dad6597) that carry the same open findings; no open bug/owner decision needs this copy; not certification/release (no C1/Soak run yet, no release)
11469787281	website	0.4	37594371475	403f976	2026-10-07T08:31	cancelled	cancelled gate run on 403f976, classified in NOTES/buglog (2026-10-07); superseded by newer gates (fb891fd, dad6597) that carry the same open findings; no open bug/owner decision needs this copy; not certification/release (no C1/Soak run yet, no release)
11469767256	website-check-report	25.2	37594298900	eb0ac52	2026-10-07T08:31	cancelled	cancelled gate run on eb0ac52, classified in NOTES/buglog (2026-10-07); superseded by newer gates (fb891fd, dad6597) that carry the same open findings; no open bug/owner decision needs this copy; not certification/release (no C1/Soak run yet, no release)
11469698571	client-setup-screens	1.0	37594371475	403f976	2026-10-07T08:31	cancelled	cancelled gate run on 403f976, classified in NOTES/buglog (2026-10-07); superseded by newer gates (fb891fd, dad6597) that carry the same open findings; no open bug/owner decision needs this copy; not certification/release (no C1/Soak run yet, no release)
11469500166	qa-evidence	3.4	37588289012	79835cd	2026-10-07T07:35	cancelled	cancelled gate run on 79835cd, classified in NOTES/buglog (2026-10-07); superseded by newer gates (fb891fd, dad6597) that carry the same open findings; no open bug/owner decision needs this copy; not certification/release (no C1/Soak run yet, no release)
11469490927	screen-check-report	0.5	37591096343	3efc4df	2026-10-07T08:02	cancelled	cancelled gate run on 3efc4df, classified in NOTES/buglog (2026-10-07); superseded by newer gates (fb891fd, dad6597) that carry the same open findings; no open bug/owner decision needs this copy; not certification/release (no C1/Soak run yet, no release)
11468907336	website	0.4	37591275267	9af0ab0	2026-10-07T08:03	cancelled	cancelled gate run on 9af0ab0, classified in NOTES/buglog (2026-10-07); superseded by newer gates (fb891fd, dad6597) that carry the same open findings; no open bug/owner decision needs this copy; not certification/release (no C1/Soak run yet, no release)
11468822164	qa-evidence	2.9	37591096343	3efc4df	2026-10-07T08:02	cancelled	cancelled gate run on 3efc4df, classified in NOTES/buglog (2026-10-07); superseded by newer gates (fb891fd, dad6597) that carry the same open findings; no open bug/owner decision needs this copy; not certification/release (no C1/Soak run yet, no release)
11468812810	website-check-report	25.2	37591275267	9af0ab0	2026-10-07T08:03	cancelled	cancelled gate run on 9af0ab0, classified in NOTES/buglog (2026-10-07); superseded by newer gates (fb891fd, dad6597) that carry the same open findings; no open bug/owner decision needs this copy; not certification/release (no C1/Soak run yet, no release)
11468801491	website	0.4	37591096343	3efc4df	2026-10-07T08:02	cancelled	cancelled gate run on 3efc4df, classified in NOTES/buglog (2026-10-07); superseded by newer gates (fb891fd, dad6597) that carry the same open findings; no open bug/owner decision needs this copy; not certification/release (no C1/Soak run yet, no release)
11468557030	website-check-report	25.2	37591096343	3efc4df	2026-10-07T08:02	cancelled	cancelled gate run on 3efc4df, classified in NOTES/buglog (2026-10-07); superseded by newer gates (fb891fd, dad6597) that carry the same open findings; no open bug/owner decision needs this copy; not certification/release (no C1/Soak run yet, no release)
11468511278	screen-check-report	5.4	37588289012	79835cd	2026-10-07T07:35	cancelled	cancelled gate run on 79835cd, classified in NOTES/buglog (2026-10-07); superseded by newer gates (fb891fd, dad6597) that carry the same open findings; no open bug/owner decision needs this copy; not certification/release (no C1/Soak run yet, no release)
11468369717	client-setup-screens	1.0	37591275267	9af0ab0	2026-10-07T08:03	cancelled	cancelled gate run on 9af0ab0, classified in NOTES/buglog (2026-10-07); superseded by newer gates (fb891fd, dad6597) that carry the same open findings; no open bug/owner decision needs this copy; not certification/release (no C1/Soak run yet, no release)
11467811456	client-setup-screens	1.0	37588289012	79835cd	2026-10-07T07:35	cancelled	cancelled gate run on 79835cd, classified in NOTES/buglog (2026-10-07); superseded by newer gates (fb891fd, dad6597) that carry the same open findings; no open bug/owner decision needs this copy; not certification/release (no C1/Soak run yet, no release)
11467646112	client-setup-screens	1.0	37587600807	018cd6e	2026-10-07T07:29	cancelled	cancelled gate run on 018cd6e, classified in NOTES/buglog (2026-10-07); superseded by newer gates (fb891fd, dad6597) that carry the same open findings; no open bug/owner decision needs this copy; not certification/release (no C1/Soak run yet, no release)
11467610620	qa-evidence	2.9	37584310858	8289b79	2026-10-07T06:56	cancelled	cancelled gate run on 8289b79, classified in NOTES/buglog (2026-10-07); superseded by newer gates (fb891fd, dad6597) that carry the same open findings; no open bug/owner decision needs this copy; not certification/release (no C1/Soak run yet, no release)
11467058191	screen-check-report	1.0	37587600807	018cd6e	2026-10-07T07:29	cancelled	cancelled gate run on 018cd6e, classified in NOTES/buglog (2026-10-07); superseded by newer gates (fb891fd, dad6597) that carry the same open findings; no open bug/owner decision needs this copy; not certification/release (no C1/Soak run yet, no release)
11466978283	website-check-report	25.3	37588289012	79835cd	2026-10-07T07:35	cancelled	cancelled gate run on 79835cd, classified in NOTES/buglog (2026-10-07); superseded by newer gates (fb891fd, dad6597) that carry the same open findings; no open bug/owner decision needs this copy; not certification/release (no C1/Soak run yet, no release)
11466934975	website	0.4	37588289012	79835cd	2026-10-07T07:35	cancelled	cancelled gate run on 79835cd, classified in NOTES/buglog (2026-10-07); superseded by newer gates (fb891fd, dad6597) that carry the same open findings; no open bug/owner decision needs this copy; not certification/release (no C1/Soak run yet, no release)
11466849634	qa-evidence	2.9	37587600807	018cd6e	2026-10-07T07:29	cancelled	cancelled gate run on 018cd6e, classified in NOTES/buglog (2026-10-07); superseded by newer gates (fb891fd, dad6597) that carry the same open findings; no open bug/owner decision needs this copy; not certification/release (no C1/Soak run yet, no release)
11466819235	website	0.4	37587600807	018cd6e	2026-10-07T07:29	cancelled	cancelled gate run on 018cd6e, classified in NOTES/buglog (2026-10-07); superseded by newer gates (fb891fd, dad6597) that carry the same open findings; no open bug/owner decision needs this copy; not certification/release (no C1/Soak run yet, no release)
11466759269	website-check-report	25.3	37587600807	018cd6e	2026-10-07T07:29	cancelled	cancelled gate run on 018cd6e, classified in NOTES/buglog (2026-10-07); superseded by newer gates (fb891fd, dad6597) that carry the same open findings; no open bug/owner decision needs this copy; not certification/release (no C1/Soak run yet, no release)
11466582692	screen-check-report	5.4	37584310858	8289b79	2026-10-07T06:56	cancelled	cancelled gate run on 8289b79, classified in NOTES/buglog (2026-10-07); superseded by newer gates (fb891fd, dad6597) that carry the same open findings; no open bug/owner decision needs this copy; not certification/release (no C1/Soak run yet, no release)
11466375224	client-setup-screens	1.0	37584310858	8289b79	2026-10-07T06:56	cancelled	cancelled gate run on 8289b79, classified in NOTES/buglog (2026-10-07); superseded by newer gates (fb891fd, dad6597) that carry the same open findings; no open bug/owner decision needs this copy; not certification/release (no C1/Soak run yet, no release)
11466122027	qa-evidence	2.9	37581618757	64e81e5	2026-10-07T06:27	cancelled	cancelled gate run on 64e81e5, classified in NOTES/buglog (2026-10-07); superseded by newer gates (fb891fd, dad6597) that carry the same open findings; no open bug/owner decision needs this copy; not certification/release (no C1/Soak run yet, no release)
11466027352	screen-check-report	5.4	37581618757	64e81e5	2026-10-07T06:27	cancelled	cancelled gate run on 64e81e5, classified in NOTES/buglog (2026-10-07); superseded by newer gates (fb891fd, dad6597) that carry the same open findings; no open bug/owner decision needs this copy; not certification/release (no C1/Soak run yet, no release)
11465697678	website	0.4	37584310858	8289b79	2026-10-07T06:56	cancelled	cancelled gate run on 8289b79, classified in NOTES/buglog (2026-10-07); superseded by newer gates (fb891fd, dad6597) that carry the same open findings; no open bug/owner decision needs this copy; not certification/release (no C1/Soak run yet, no release)
11465443578	website-check-report	25.3	37584053961	6d930e5	2026-10-07T06:53	cancelled	cancelled gate run on 6d930e5, classified in NOTES/buglog (2026-10-07); superseded by newer gates (fb891fd, dad6597) that carry the same open findings; no open bug/owner decision needs this copy; not certification/release (no C1/Soak run yet, no release)
11465387932	website-check-report	25.2	37584310858	8289b79	2026-10-07T06:56	cancelled	cancelled gate run on 8289b79, classified in NOTES/buglog (2026-10-07); superseded by newer gates (fb891fd, dad6597) that carry the same open findings; no open bug/owner decision needs this copy; not certification/release (no C1/Soak run yet, no release)
11465258857	website	0.4	37584053961	6d930e5	2026-10-07T06:53	cancelled	cancelled gate run on 6d930e5, classified in NOTES/buglog (2026-10-07); superseded by newer gates (fb891fd, dad6597) that carry the same open findings; no open bug/owner decision needs this copy; not certification/release (no C1/Soak run yet, no release)
11465233069	screen-check-report	0.5	37584053961	6d930e5	2026-10-07T06:53	cancelled	cancelled gate run on 6d930e5, classified in NOTES/buglog (2026-10-07); superseded by newer gates (fb891fd, dad6597) that carry the same open findings; no open bug/owner decision needs this copy; not certification/release (no C1/Soak run yet, no release)
11465217792	qa-evidence	2.9	37584053961	6d930e5	2026-10-07T06:53	cancelled	cancelled gate run on 6d930e5, classified in NOTES/buglog (2026-10-07); superseded by newer gates (fb891fd, dad6597) that carry the same open findings; no open bug/owner decision needs this copy; not certification/release (no C1/Soak run yet, no release)
11465121837	website	0.4	37581618757	64e81e5	2026-10-07T06:27	cancelled	cancelled gate run on 64e81e5, classified in NOTES/buglog (2026-10-07); superseded by newer gates (fb891fd, dad6597) that carry the same open findings; no open bug/owner decision needs this copy; not certification/release (no C1/Soak run yet, no release)
11464810183	client-setup-screens	1.0	37579869578	b9c1c4c	2026-10-07T06:08	cancelled	cancelled gate run on b9c1c4c, classified in NOTES/buglog (2026-10-07); superseded by newer gates (fb891fd, dad6597) that carry the same open findings; no open bug/owner decision needs this copy; not certification/release (no C1/Soak run yet, no release)
11464683173	qa-evidence	2.9	37579869578	b9c1c4c	2026-10-07T06:08	cancelled	cancelled gate run on b9c1c4c, classified in NOTES/buglog (2026-10-07); superseded by newer gates (fb891fd, dad6597) that carry the same open findings; no open bug/owner decision needs this copy; not certification/release (no C1/Soak run yet, no release)
11464660090	qa-evidence	2.9	37575753187	6771408	2026-10-07T05:19	cancelled	cancelled gate run on 6771408, classified in NOTES/buglog (2026-10-07); superseded by newer gates (fb891fd, dad6597) that carry the same open findings; no open bug/owner decision needs this copy; not certification/release (no C1/Soak run yet, no release)
11464569168	screen-check-report	5.4	37579869578	b9c1c4c	2026-10-07T06:08	cancelled	cancelled gate run on b9c1c4c, classified in NOTES/buglog (2026-10-07); superseded by newer gates (fb891fd, dad6597) that carry the same open findings; no open bug/owner decision needs this copy; not certification/release (no C1/Soak run yet, no release)
11464524755	website-check-report	25.2	37581618757	64e81e5	2026-10-07T06:27	cancelled	cancelled gate run on 64e81e5, classified in NOTES/buglog (2026-10-07); superseded by newer gates (fb891fd, dad6597) that carry the same open findings; no open bug/owner decision needs this copy; not certification/release (no C1/Soak run yet, no release)
11464339664	client-setup-screens	1.0	37581618757	64e81e5	2026-10-07T06:27	cancelled	cancelled gate run on 64e81e5, classified in NOTES/buglog (2026-10-07); superseded by newer gates (fb891fd, dad6597) that carry the same open findings; no open bug/owner decision needs this copy; not certification/release (no C1/Soak run yet, no release)
11464161779	website-check-report	25.3	37579869578	b9c1c4c	2026-10-07T06:08	cancelled	cancelled gate run on b9c1c4c, classified in NOTES/buglog (2026-10-07); superseded by newer gates (fb891fd, dad6597) that carry the same open findings; no open bug/owner decision needs this copy; not certification/release (no C1/Soak run yet, no release)
11463897104	website	0.4	37579869578	b9c1c4c	2026-10-07T06:08	cancelled	cancelled gate run on b9c1c4c, classified in NOTES/buglog (2026-10-07); superseded by newer gates (fb891fd, dad6597) that carry the same open findings; no open bug/owner decision needs this copy; not certification/release (no C1/Soak run yet, no release)
11462911089	qa-evidence	3.4	37574021570	cf39637	2026-10-07T04:58	cancelled	cancelled gate run on cf39637, classified in NOTES/buglog (2026-10-07); superseded by newer gates (fb891fd, dad6597) that carry the same open findings; no open bug/owner decision needs this copy; not certification/release (no C1/Soak run yet, no release)
11462819086	screen-check-report	5.4	37575753187	6771408	2026-10-07T05:19	cancelled	cancelled gate run on 6771408, classified in NOTES/buglog (2026-10-07); superseded by newer gates (fb891fd, dad6597) that carry the same open findings; no open bug/owner decision needs this copy; not certification/release (no C1/Soak run yet, no release)
11462738204	client-setup-screens	1.0	37575753187	6771408	2026-10-07T05:19	cancelled	cancelled gate run on 6771408, classified in NOTES/buglog (2026-10-07); superseded by newer gates (fb891fd, dad6597) that carry the same open findings; no open bug/owner decision needs this copy; not certification/release (no C1/Soak run yet, no release)
11462551908	website	0.4	37575753187	6771408	2026-10-07T05:19	cancelled	cancelled gate run on 6771408, classified in NOTES/buglog (2026-10-07); superseded by newer gates (fb891fd, dad6597) that carry the same open findings; no open bug/owner decision needs this copy; not certification/release (no C1/Soak run yet, no release)
11462368245	screen-check-report	5.4	37574021570	cf39637	2026-10-07T04:58	cancelled	cancelled gate run on cf39637, classified in NOTES/buglog (2026-10-07); superseded by newer gates (fb891fd, dad6597) that carry the same open findings; no open bug/owner decision needs this copy; not certification/release (no C1/Soak run yet, no release)
11462202235	website-check-report	25.2	37575753187	6771408	2026-10-07T05:19	cancelled	cancelled gate run on 6771408, classified in NOTES/buglog (2026-10-07); superseded by newer gates (fb891fd, dad6597) that carry the same open findings; no open bug/owner decision needs this copy; not certification/release (no C1/Soak run yet, no release)
11462200303	client-setup-screens	1.0	37574021570	cf39637	2026-10-07T04:58	cancelled	cancelled gate run on cf39637, classified in NOTES/buglog (2026-10-07); superseded by newer gates (fb891fd, dad6597) that carry the same open findings; no open bug/owner decision needs this copy; not certification/release (no C1/Soak run yet, no release)
11462090009	website-check-report	25.2	37573363909	9d23667	2026-10-07T04:50	cancelled	cancelled gate run on 9d23667, classified in NOTES/buglog (2026-10-07); superseded by newer gates (fb891fd, dad6597) that carry the same open findings; no open bug/owner decision needs this copy; not certification/release (no C1/Soak run yet, no release)
11462075379	client-setup-screens	1.0	37573363909	9d23667	2026-10-07T04:50	cancelled	cancelled gate run on 9d23667, classified in NOTES/buglog (2026-10-07); superseded by newer gates (fb891fd, dad6597) that carry the same open findings; no open bug/owner decision needs this copy; not certification/release (no C1/Soak run yet, no release)
11461922391	website	0.4	37573363909	9d23667	2026-10-07T04:50	cancelled	cancelled gate run on 9d23667, classified in NOTES/buglog (2026-10-07); superseded by newer gates (fb891fd, dad6597) that carry the same open findings; no open bug/owner decision needs this copy; not certification/release (no C1/Soak run yet, no release)
11461906115	qa-evidence	2.9	37572903552	3dd343e	2026-10-07T04:44	cancelled	cancelled gate run on 3dd343e, classified in NOTES/buglog (2026-10-07); superseded by newer gates (fb891fd, dad6597) that carry the same open findings; no open bug/owner decision needs this copy; not certification/release (no C1/Soak run yet, no release)
11461846180	website	0.4	37572903552	3dd343e	2026-10-07T04:44	cancelled	cancelled gate run on 3dd343e, classified in NOTES/buglog (2026-10-07); superseded by newer gates (fb891fd, dad6597) that carry the same open findings; no open bug/owner decision needs this copy; not certification/release (no C1/Soak run yet, no release)
11461734515	website-check-report	25.2	37574021570	cf39637	2026-10-07T04:58	cancelled	cancelled gate run on cf39637, classified in NOTES/buglog (2026-10-07); superseded by newer gates (fb891fd, dad6597) that carry the same open findings; no open bug/owner decision needs this copy; not certification/release (no C1/Soak run yet, no release)
11461664838	website	0.4	37574021570	cf39637	2026-10-07T04:58	cancelled	cancelled gate run on cf39637, classified in NOTES/buglog (2026-10-07); superseded by newer gates (fb891fd, dad6597) that carry the same open findings; no open bug/owner decision needs this copy; not certification/release (no C1/Soak run yet, no release)
11461652927	screen-check-report	1.0	37572903552	3dd343e	2026-10-07T04:44	cancelled	cancelled gate run on 3dd343e, classified in NOTES/buglog (2026-10-07); superseded by newer gates (fb891fd, dad6597) that carry the same open findings; no open bug/owner decision needs this copy; not certification/release (no C1/Soak run yet, no release)
11461568371	qa-evidence	2.9	37573083898	ac742fe	2026-10-07T04:46	cancelled	cancelled gate run on ac742fe, classified in NOTES/buglog (2026-10-07); superseded by newer gates (fb891fd, dad6597) that carry the same open findings; no open bug/owner decision needs this copy; not certification/release (no C1/Soak run yet, no release)
11461288739	website-check-report	25.3	37572903552	3dd343e	2026-10-07T04:44	cancelled	cancelled gate run on 3dd343e, classified in NOTES/buglog (2026-10-07); superseded by newer gates (fb891fd, dad6597) that carry the same open findings; no open bug/owner decision needs this copy; not certification/release (no C1/Soak run yet, no release)
11461249100	screen-check-report	1.0	37573363909	9d23667	2026-10-07T04:50	cancelled	cancelled gate run on 9d23667, classified in NOTES/buglog (2026-10-07); superseded by newer gates (fb891fd, dad6597) that carry the same open findings; no open bug/owner decision needs this copy; not certification/release (no C1/Soak run yet, no release)
11461133136	website	0.4	37573083898	ac742fe	2026-10-07T04:46	cancelled	cancelled gate run on ac742fe, classified in NOTES/buglog (2026-10-07); superseded by newer gates (fb891fd, dad6597) that carry the same open findings; no open bug/owner decision needs this copy; not certification/release (no C1/Soak run yet, no release)
11461054269	qa-evidence	2.9	37573363909	9d23667	2026-10-07T04:50	cancelled	cancelled gate run on 9d23667, classified in NOTES/buglog (2026-10-07); superseded by newer gates (fb891fd, dad6597) that carry the same open findings; no open bug/owner decision needs this copy; not certification/release (no C1/Soak run yet, no release)
11460998439	website-check-report	25.2	37573083898	ac742fe	2026-10-07T04:46	cancelled	cancelled gate run on ac742fe, classified in NOTES/buglog (2026-10-07); superseded by newer gates (fb891fd, dad6597) that carry the same open findings; no open bug/owner decision needs this copy; not certification/release (no C1/Soak run yet, no release)
11456702952	qa-evidence	3.3	37557970172	8bf7dc3	2026-10-07T01:36	failure	failure gate run on 8bf7dc3, classified in NOTES/buglog (2026-10-07); superseded by newer gates (fb891fd, dad6597) that carry the same open findings; no open bug/owner decision needs this copy; not certification/release (no C1/Soak run yet, no release)
11455975225	website-check-report	25.3	37557970172	8bf7dc3	2026-10-07T01:36	failure	failure gate run on 8bf7dc3, classified in NOTES/buglog (2026-10-07); superseded by newer gates (fb891fd, dad6597) that carry the same open findings; no open bug/owner decision needs this copy; not certification/release (no C1/Soak run yet, no release)
11455913523	screen-check-report	5.4	37557970172	8bf7dc3	2026-10-07T01:36	failure	failure gate run on 8bf7dc3, classified in NOTES/buglog (2026-10-07); superseded by newer gates (fb891fd, dad6597) that carry the same open findings; no open bug/owner decision needs this copy; not certification/release (no C1/Soak run yet, no release)
11455815779	website	0.4	37557970172	8bf7dc3	2026-10-07T01:36	failure	failure gate run on 8bf7dc3, classified in NOTES/buglog (2026-10-07); superseded by newer gates (fb891fd, dad6597) that carry the same open findings; no open bug/owner decision needs this copy; not certification/release (no C1/Soak run yet, no release)
11455635234	qa-evidence	10.1	37552579811	eeb5858	2026-10-07T00:33	failure	failure gate run on eeb5858, classified in NOTES/buglog (2026-10-07); superseded by newer gates (fb891fd, dad6597) that carry the same open findings; no open bug/owner decision needs this copy; not certification/release (no C1/Soak run yet, no release)
11454943676	client-setup-screens	1.0	37557970172	8bf7dc3	2026-10-07T01:36	failure	failure gate run on 8bf7dc3, classified in NOTES/buglog (2026-10-07); superseded by newer gates (fb891fd, dad6597) that carry the same open findings; no open bug/owner decision needs this copy; not certification/release (no C1/Soak run yet, no release)
11453443309	screen-check-report	5.4	37552579811	eeb5858	2026-10-07T00:33	failure	failure gate run on eeb5858, classified in NOTES/buglog (2026-10-07); superseded by newer gates (fb891fd, dad6597) that carry the same open findings; no open bug/owner decision needs this copy; not certification/release (no C1/Soak run yet, no release)
11452989962	client-setup-screens	1.0	37552579811	eeb5858	2026-10-07T00:33	failure	failure gate run on eeb5858, classified in NOTES/buglog (2026-10-07); superseded by newer gates (fb891fd, dad6597) that carry the same open findings; no open bug/owner decision needs this copy; not certification/release (no C1/Soak run yet, no release)
11452974665	website-check-report	25.3	37552579811	eeb5858	2026-10-07T00:33	failure	failure gate run on eeb5858, classified in NOTES/buglog (2026-10-07); superseded by newer gates (fb891fd, dad6597) that carry the same open findings; no open bug/owner decision needs this copy; not certification/release (no C1/Soak run yet, no release)
11452889867	website	0.4	37552579811	eeb5858	2026-10-07T00:33	failure	failure gate run on eeb5858, classified in NOTES/buglog (2026-10-07); superseded by newer gates (fb891fd, dad6597) that carry the same open findings; no open bug/owner decision needs this copy; not certification/release (no C1/Soak run yet, no release)
11450339441	qa-evidence	3.3	37542177440	39ed5e5	2026-10-06T22:41	failure	failure gate run on 39ed5e5, classified in NOTES/buglog (2026-10-06); superseded by newer gates (fb891fd, dad6597) that carry the same open findings; no open bug/owner decision needs this copy; not certification/release (no C1/Soak run yet, no release)
11449376601	website	0.4	37542177440	39ed5e5	2026-10-06T22:41	failure	failure gate run on 39ed5e5, classified in NOTES/buglog (2026-10-06); superseded by newer gates (fb891fd, dad6597) that carry the same open findings; no open bug/owner decision needs this copy; not certification/release (no C1/Soak run yet, no release)
11449366355	qa-evidence	2.9	37537946383	8b95455	2026-10-06T22:02	cancelled	cancelled gate run on 8b95455, classified in NOTES/buglog (2026-10-06); superseded by newer gates (fb891fd, dad6597) that carry the same open findings; no open bug/owner decision needs this copy; not certification/release (no C1/Soak run yet, no release)
11449312347	client-setup-screens	1.0	37542177440	39ed5e5	2026-10-06T22:41	failure	failure gate run on 39ed5e5, classified in NOTES/buglog (2026-10-06); superseded by newer gates (fb891fd, dad6597) that carry the same open findings; no open bug/owner decision needs this copy; not certification/release (no C1/Soak run yet, no release)
11448802063	website-check-report	25.3	37542177440	39ed5e5	2026-10-06T22:41	failure	failure gate run on 39ed5e5, classified in NOTES/buglog (2026-10-06); superseded by newer gates (fb891fd, dad6597) that carry the same open findings; no open bug/owner decision needs this copy; not certification/release (no C1/Soak run yet, no release)
11447690797	website-check-report	25.2	37537946383	8b95455	2026-10-06T22:02	cancelled	cancelled gate run on 8b95455, classified in NOTES/buglog (2026-10-06); superseded by newer gates (fb891fd, dad6597) that carry the same open findings; no open bug/owner decision needs this copy; not certification/release (no C1/Soak run yet, no release)
11447289395	screen-check-report	5.4	37537946383	8b95455	2026-10-06T22:02	cancelled	cancelled gate run on 8b95455, classified in NOTES/buglog (2026-10-06); superseded by newer gates (fb891fd, dad6597) that carry the same open findings; no open bug/owner decision needs this copy; not certification/release (no C1/Soak run yet, no release)
11447266137	website	0.4	37537946383	8b95455	2026-10-06T22:02	cancelled	cancelled gate run on 8b95455, classified in NOTES/buglog (2026-10-06); superseded by newer gates (fb891fd, dad6597) that carry the same open findings; no open bug/owner decision needs this copy; not certification/release (no C1/Soak run yet, no release)
11447251035	qa-evidence	2.9	37533223721	74c5ae9	2026-10-06T21:20	cancelled	cancelled gate run on 74c5ae9, classified in NOTES/buglog (2026-10-06); superseded by newer gates (fb891fd, dad6597) that carry the same open findings; no open bug/owner decision needs this copy; not certification/release (no C1/Soak run yet, no release)
11446964006	client-setup-screens	1.0	37537946383	8b95455	2026-10-06T22:02	cancelled	cancelled gate run on 8b95455, classified in NOTES/buglog (2026-10-06); superseded by newer gates (fb891fd, dad6597) that carry the same open findings; no open bug/owner decision needs this copy; not certification/release (no C1/Soak run yet, no release)
11446165499	client-setup-screens	1.0	37533223721	74c5ae9	2026-10-06T21:20	cancelled	cancelled gate run on 74c5ae9, classified in NOTES/buglog (2026-10-06); superseded by newer gates (fb891fd, dad6597) that carry the same open findings; no open bug/owner decision needs this copy; not certification/release (no C1/Soak run yet, no release)
11445533728	screen-check-report	5.4	37533223721	74c5ae9	2026-10-06T21:20	cancelled	cancelled gate run on 74c5ae9, classified in NOTES/buglog (2026-10-06); superseded by newer gates (fb891fd, dad6597) that carry the same open findings; no open bug/owner decision needs this copy; not certification/release (no C1/Soak run yet, no release)
11445320794	website-check-report	25.3	37531774947	644f6e4	2026-10-06T21:08	cancelled	cancelled gate run on 644f6e4, classified in NOTES/buglog (2026-10-06); superseded by newer gates (fb891fd, dad6597) that carry the same open findings; no open bug/owner decision needs this copy; not certification/release (no C1/Soak run yet, no release)
11445320590	screen-check-report	0.5	37531406661	5d651c3	2026-10-06T21:05	cancelled	cancelled gate run on 5d651c3, classified in NOTES/buglog (2026-10-06); superseded by newer gates (fb891fd, dad6597) that carry the same open findings; no open bug/owner decision needs this copy; not certification/release (no C1/Soak run yet, no release)
11445246236	client-setup-screens	1.0	37531774947	644f6e4	2026-10-06T21:08	cancelled	cancelled gate run on 644f6e4, classified in NOTES/buglog (2026-10-06); superseded by newer gates (fb891fd, dad6597) that carry the same open findings; no open bug/owner decision needs this copy; not certification/release (no C1/Soak run yet, no release)
11445148784	website	0.4	37533223721	74c5ae9	2026-10-06T21:20	cancelled	cancelled gate run on 74c5ae9, classified in NOTES/buglog (2026-10-06); superseded by newer gates (fb891fd, dad6597) that carry the same open findings; no open bug/owner decision needs this copy; not certification/release (no C1/Soak run yet, no release)
11445145631	website-check-report	25.3	37531406661	5d651c3	2026-10-06T21:05	cancelled	cancelled gate run on 5d651c3, classified in NOTES/buglog (2026-10-06); superseded by newer gates (fb891fd, dad6597) that carry the same open findings; no open bug/owner decision needs this copy; not certification/release (no C1/Soak run yet, no release)
11445130741	website	0.4	37531406661	5d651c3	2026-10-06T21:05	cancelled	cancelled gate run on 5d651c3, classified in NOTES/buglog (2026-10-06); superseded by newer gates (fb891fd, dad6597) that carry the same open findings; no open bug/owner decision needs this copy; not certification/release (no C1/Soak run yet, no release)
11445102889	qa-evidence	2.9	37531774947	644f6e4	2026-10-06T21:08	cancelled	cancelled gate run on 644f6e4, classified in NOTES/buglog (2026-10-06); superseded by newer gates (fb891fd, dad6597) that carry the same open findings; no open bug/owner decision needs this copy; not certification/release (no C1/Soak run yet, no release)
11445066163	qa-evidence	2.9	37531406661	5d651c3	2026-10-06T21:05	cancelled	cancelled gate run on 5d651c3, classified in NOTES/buglog (2026-10-06); superseded by newer gates (fb891fd, dad6597) that carry the same open findings; no open bug/owner decision needs this copy; not certification/release (no C1/Soak run yet, no release)
11445039007	website-check-report	25.3	37533223721	74c5ae9	2026-10-06T21:20	cancelled	cancelled gate run on 74c5ae9, classified in NOTES/buglog (2026-10-06); superseded by newer gates (fb891fd, dad6597) that carry the same open findings; no open bug/owner decision needs this copy; not certification/release (no C1/Soak run yet, no release)
11444927106	website	0.4	37531774947	644f6e4	2026-10-06T21:08	cancelled	cancelled gate run on 644f6e4, classified in NOTES/buglog (2026-10-06); superseded by newer gates (fb891fd, dad6597) that carry the same open findings; no open bug/owner decision needs this copy; not certification/release (no C1/Soak run yet, no release)
11444500198	screen-check-report	5.4	37527318397	26368b0	2026-10-06T20:33	cancelled	cancelled gate run on 26368b0, classified in NOTES/buglog (2026-10-06); superseded by newer gates (fb891fd, dad6597) that carry the same open findings; no open bug/owner decision needs this copy; not certification/release (no C1/Soak run yet, no release)
11444302528	client-setup-screens	1.0	37531406661	5d651c3	2026-10-06T21:05	cancelled	cancelled gate run on 5d651c3, classified in NOTES/buglog (2026-10-06); superseded by newer gates (fb891fd, dad6597) that carry the same open findings; no open bug/owner decision needs this copy; not certification/release (no C1/Soak run yet, no release)
11444192631	qa-evidence	0.2	37527318397	26368b0	2026-10-06T20:33	cancelled	cancelled gate run on 26368b0, classified in NOTES/buglog (2026-10-06); superseded by newer gates (fb891fd, dad6597) that carry the same open findings; no open bug/owner decision needs this copy; not certification/release (no C1/Soak run yet, no release)
11443475209	website	0.4	37527318397	26368b0	2026-10-06T20:33	cancelled	cancelled gate run on 26368b0, classified in NOTES/buglog (2026-10-06); superseded by newer gates (fb891fd, dad6597) that carry the same open findings; no open bug/owner decision needs this copy; not certification/release (no C1/Soak run yet, no release)
11443455167	website-check-report	25.2	37527318397	26368b0	2026-10-06T20:33	cancelled	cancelled gate run on 26368b0, classified in NOTES/buglog (2026-10-06); superseded by newer gates (fb891fd, dad6597) that carry the same open findings; no open bug/owner decision needs this copy; not certification/release (no C1/Soak run yet, no release)
11443171121	qa-evidence	0.1	37523208067	d28b90e	2026-10-06T20:00	cancelled	cancelled gate run on d28b90e, classified in NOTES/buglog (2026-10-06); superseded by newer gates (fb891fd, dad6597) that carry the same open findings; no open bug/owner decision needs this copy; not certification/release (no C1/Soak run yet, no release)
11442249709	client-setup-screens	1.0	37527318397	26368b0	2026-10-06T20:33	cancelled	cancelled gate run on 26368b0, classified in NOTES/buglog (2026-10-06); superseded by newer gates (fb891fd, dad6597) that carry the same open findings; no open bug/owner decision needs this copy; not certification/release (no C1/Soak run yet, no release)
11441609401	screen-check-report	5.4	37523208067	d28b90e	2026-10-06T20:00	cancelled	cancelled gate run on d28b90e, classified in NOTES/buglog (2026-10-06); superseded by newer gates (fb891fd, dad6597) that carry the same open findings; no open bug/owner decision needs this copy; not certification/release (no C1/Soak run yet, no release)
11441256517	client-setup-screens	1.0	37523208067	d28b90e	2026-10-06T20:00	cancelled	cancelled gate run on d28b90e, classified in NOTES/buglog (2026-10-06); superseded by newer gates (fb891fd, dad6597) that carry the same open findings; no open bug/owner decision needs this copy; not certification/release (no C1/Soak run yet, no release)
11440973849	qa-evidence	0.1	37518566326	4c6deea	2026-10-06T19:23	cancelled	cancelled gate run on 4c6deea, classified in NOTES/buglog (2026-10-06); superseded by newer gates (fb891fd, dad6597) that carry the same open findings; no open bug/owner decision needs this copy; not certification/release (no C1/Soak run yet, no release)
11440519431	website-check-report	25.3	37523208067	d28b90e	2026-10-06T20:00	cancelled	cancelled gate run on d28b90e, classified in NOTES/buglog (2026-10-06); superseded by newer gates (fb891fd, dad6597) that carry the same open findings; no open bug/owner decision needs this copy; not certification/release (no C1/Soak run yet, no release)
11440472388	screen-check-report	5.4	37518566326	4c6deea	2026-10-06T19:23	cancelled	cancelled gate run on 4c6deea, classified in NOTES/buglog (2026-10-06); superseded by newer gates (fb891fd, dad6597) that carry the same open findings; no open bug/owner decision needs this copy; not certification/release (no C1/Soak run yet, no release)
11440243809	website	0.4	37523208067	d28b90e	2026-10-06T20:00	cancelled	cancelled gate run on d28b90e, classified in NOTES/buglog (2026-10-06); superseded by newer gates (fb891fd, dad6597) that carry the same open findings; no open bug/owner decision needs this copy; not certification/release (no C1/Soak run yet, no release)
11439115446	client-setup-screens	1.0	37518566326	4c6deea	2026-10-06T19:23	cancelled	cancelled gate run on 4c6deea, classified in NOTES/buglog (2026-10-06); superseded by newer gates (fb891fd, dad6597) that carry the same open findings; no open bug/owner decision needs this copy; not certification/release (no C1/Soak run yet, no release)
11439070668	website-check-report	25.2	37518371833	0ade5a4	2026-10-06T19:21	cancelled	cancelled gate run on 0ade5a4, classified in NOTES/buglog (2026-10-06); superseded by newer gates (fb891fd, dad6597) that carry the same open findings; no open bug/owner decision needs this copy; not certification/release (no C1/Soak run yet, no release)
11439025882	screen-check-report	0.5	37518371833	0ade5a4	2026-10-06T19:21	cancelled	cancelled gate run on 0ade5a4, classified in NOTES/buglog (2026-10-06); superseded by newer gates (fb891fd, dad6597) that carry the same open findings; no open bug/owner decision needs this copy; not certification/release (no C1/Soak run yet, no release)
11438941054	website-check-report	25.3	37518566326	4c6deea	2026-10-06T19:23	cancelled	cancelled gate run on 4c6deea, classified in NOTES/buglog (2026-10-06); superseded by newer gates (fb891fd, dad6597) that carry the same open findings; no open bug/owner decision needs this copy; not certification/release (no C1/Soak run yet, no release)
11438885414	qa-evidence	22.9	37515132595	df7ef4f	2026-10-06T18:56	cancelled	cancelled gate run on df7ef4f, classified in NOTES/buglog (2026-10-06); superseded by newer gates (fb891fd, dad6597) that carry the same open findings; no open bug/owner decision needs this copy; not certification/release (no C1/Soak run yet, no release)
11438496468	website	0.4	37518566326	4c6deea	2026-10-06T19:23	cancelled	cancelled gate run on 4c6deea, classified in NOTES/buglog (2026-10-06); superseded by newer gates (fb891fd, dad6597) that carry the same open findings; no open bug/owner decision needs this copy; not certification/release (no C1/Soak run yet, no release)
11438372405	qa-evidence	0.1	37518371833	0ade5a4	2026-10-06T19:21	cancelled	cancelled gate run on 0ade5a4, classified in NOTES/buglog (2026-10-06); superseded by newer gates (fb891fd, dad6597) that carry the same open findings; no open bug/owner decision needs this copy; not certification/release (no C1/Soak run yet, no release)
11438346249	screen-check-report	5.4	37515132595	df7ef4f	2026-10-06T18:56	cancelled	cancelled gate run on df7ef4f, classified in NOTES/buglog (2026-10-06); superseded by newer gates (fb891fd, dad6597) that carry the same open findings; no open bug/owner decision needs this copy; not certification/release (no C1/Soak run yet, no release)
11438182646	website	0.4	37518371833	0ade5a4	2026-10-06T19:21	cancelled	cancelled gate run on 0ade5a4, classified in NOTES/buglog (2026-10-06); superseded by newer gates (fb891fd, dad6597) that carry the same open findings; no open bug/owner decision needs this copy; not certification/release (no C1/Soak run yet, no release)
11437316856	website-check-report	25.3	37515132595	df7ef4f	2026-10-06T18:56	cancelled	cancelled gate run on df7ef4f, classified in NOTES/buglog (2026-10-06); superseded by newer gates (fb891fd, dad6597) that carry the same open findings; no open bug/owner decision needs this copy; not certification/release (no C1/Soak run yet, no release)
11437187065	website	0.4	37515132595	df7ef4f	2026-10-06T18:56	cancelled	cancelled gate run on df7ef4f, classified in NOTES/buglog (2026-10-06); superseded by newer gates (fb891fd, dad6597) that carry the same open findings; no open bug/owner decision needs this copy; not certification/release (no C1/Soak run yet, no release)
11436733373	client-setup-screens	1.0	37515132595	df7ef4f	2026-10-06T18:56	cancelled	cancelled gate run on df7ef4f, classified in NOTES/buglog (2026-10-06); superseded by newer gates (fb891fd, dad6597) that carry the same open findings; no open bug/owner decision needs this copy; not certification/release (no C1/Soak run yet, no release)
11436266197	qa-evidence	0.3	37511683000	602d0b5	2026-10-06T18:29	cancelled	cancelled gate run on 602d0b5, classified in NOTES/buglog (2026-10-06); superseded by newer gates (fb891fd, dad6597) that carry the same open findings; no open bug/owner decision needs this copy; not certification/release (no C1/Soak run yet, no release)
11436012295	screen-check-report	5.4	37511683000	602d0b5	2026-10-06T18:29	cancelled	cancelled gate run on 602d0b5, classified in NOTES/buglog (2026-10-06); superseded by newer gates (fb891fd, dad6597) that carry the same open findings; no open bug/owner decision needs this copy; not certification/release (no C1/Soak run yet, no release)
11435753948	client-setup-screens	1.0	37511683000	602d0b5	2026-10-06T18:29	cancelled	cancelled gate run on 602d0b5, classified in NOTES/buglog (2026-10-06); superseded by newer gates (fb891fd, dad6597) that carry the same open findings; no open bug/owner decision needs this copy; not certification/release (no C1/Soak run yet, no release)
11435195860	screen-check-report	5.4	37507030340	5c7edff	2026-10-06T17:53	failure	failure gate run on 5c7edff, classified in NOTES/buglog (2026-10-06); superseded by newer gates (fb891fd, dad6597) that carry the same open findings; no open bug/owner decision needs this copy; not certification/release (no C1/Soak run yet, no release)
11434782966	website-check-report	25.2	37511683000	602d0b5	2026-10-06T18:29	cancelled	cancelled gate run on 602d0b5, classified in NOTES/buglog (2026-10-06); superseded by newer gates (fb891fd, dad6597) that carry the same open findings; no open bug/owner decision needs this copy; not certification/release (no C1/Soak run yet, no release)
11434218007	website	0.4	37511683000	602d0b5	2026-10-06T18:29	cancelled	cancelled gate run on 602d0b5, classified in NOTES/buglog (2026-10-06); superseded by newer gates (fb891fd, dad6597) that carry the same open findings; no open bug/owner decision needs this copy; not certification/release (no C1/Soak run yet, no release)
11432451675	website	0.4	37507030340	5c7edff	2026-10-06T17:53	failure	failure gate run on 5c7edff, classified in NOTES/buglog (2026-10-06); superseded by newer gates (fb891fd, dad6597) that carry the same open findings; no open bug/owner decision needs this copy; not certification/release (no C1/Soak run yet, no release)
11432284478	qa-evidence	0.3	37507030340	5c7edff	2026-10-06T17:53	failure	failure gate run on 5c7edff, classified in NOTES/buglog (2026-10-06); superseded by newer gates (fb891fd, dad6597) that carry the same open findings; no open bug/owner decision needs this copy; not certification/release (no C1/Soak run yet, no release)
11432177092	client-setup-screens	1.0	37507030340	5c7edff	2026-10-06T17:53	failure	failure gate run on 5c7edff, classified in NOTES/buglog (2026-10-06); superseded by newer gates (fb891fd, dad6597) that carry the same open findings; no open bug/owner decision needs this copy; not certification/release (no C1/Soak run yet, no release)
11431549336	website-check-report	25.3	37507030340	5c7edff	2026-10-06T17:53	failure	failure gate run on 5c7edff, classified in NOTES/buglog (2026-10-06); superseded by newer gates (fb891fd, dad6597) that carry the same open findings; no open bug/owner decision needs this copy; not certification/release (no C1/Soak run yet, no release)
11426769426	screen-check-report	5.4	37493604836	1a35d94	2026-10-06T16:10	failure	failure gate run on 1a35d94, classified in NOTES/buglog (2026-10-06); superseded by newer gates (fb891fd, dad6597) that carry the same open findings; no open bug/owner decision needs this copy; not certification/release (no C1/Soak run yet, no release)
11426628877	qa-evidence	0.3	37493604836	1a35d94	2026-10-06T16:10	failure	failure gate run on 1a35d94, classified in NOTES/buglog (2026-10-06); superseded by newer gates (fb891fd, dad6597) that carry the same open findings; no open bug/owner decision needs this copy; not certification/release (no C1/Soak run yet, no release)
11426292736	website-check-report	25.2	37493604836	1a35d94	2026-10-06T16:10	failure	failure gate run on 1a35d94, classified in NOTES/buglog (2026-10-06); superseded by newer gates (fb891fd, dad6597) that carry the same open findings; no open bug/owner decision needs this copy; not certification/release (no C1/Soak run yet, no release)
11426278028	screen-check-report	5.4	37490246174	b2f9630	2026-10-06T15:45	cancelled	cancelled gate run on b2f9630, classified in NOTES/buglog (2026-10-06); superseded by newer gates (fb891fd, dad6597) that carry the same open findings; no open bug/owner decision needs this copy; not certification/release (no C1/Soak run yet, no release)
11426218962	client-setup-screens	1.0	37493604836	1a35d94	2026-10-06T16:10	failure	failure gate run on 1a35d94, classified in NOTES/buglog (2026-10-06); superseded by newer gates (fb891fd, dad6597) that carry the same open findings; no open bug/owner decision needs this copy; not certification/release (no C1/Soak run yet, no release)
11426138369	website	0.4	37493604836	1a35d94	2026-10-06T16:10	failure	failure gate run on 1a35d94, classified in NOTES/buglog (2026-10-06); superseded by newer gates (fb891fd, dad6597) that carry the same open findings; no open bug/owner decision needs this copy; not certification/release (no C1/Soak run yet, no release)
11425789145	qa-evidence	0.3	37490246174	b2f9630	2026-10-06T15:45	cancelled	cancelled gate run on b2f9630, classified in NOTES/buglog (2026-10-06); superseded by newer gates (fb891fd, dad6597) that carry the same open findings; no open bug/owner decision needs this copy; not certification/release (no C1/Soak run yet, no release)
11425720504	website-check-report	25.2	37489249271	b262143	2026-10-06T15:38	cancelled	cancelled gate run on b262143, classified in NOTES/buglog (2026-10-06); superseded by newer gates (fb891fd, dad6597) that carry the same open findings; no open bug/owner decision needs this copy; not certification/release (no C1/Soak run yet, no release)
11425645607	website	0.4	37489249271	b262143	2026-10-06T15:38	cancelled	cancelled gate run on b262143, classified in NOTES/buglog (2026-10-06); superseded by newer gates (fb891fd, dad6597) that carry the same open findings; no open bug/owner decision needs this copy; not certification/release (no C1/Soak run yet, no release)
11425066790	client-setup-screens	1.0	37489249271	b262143	2026-10-06T15:38	cancelled	cancelled gate run on b262143, classified in NOTES/buglog (2026-10-06); superseded by newer gates (fb891fd, dad6597) that carry the same open findings; no open bug/owner decision needs this copy; not certification/release (no C1/Soak run yet, no release)
11425037788	client-setup-screens	1.0	37490246174	b2f9630	2026-10-06T15:45	cancelled	cancelled gate run on b2f9630, classified in NOTES/buglog (2026-10-06); superseded by newer gates (fb891fd, dad6597) that carry the same open findings; no open bug/owner decision needs this copy; not certification/release (no C1/Soak run yet, no release)
11425016964	qa-evidence	0.1	37489249271	b262143	2026-10-06T15:38	cancelled	cancelled gate run on b262143, classified in NOTES/buglog (2026-10-06); superseded by newer gates (fb891fd, dad6597) that carry the same open findings; no open bug/owner decision needs this copy; not certification/release (no C1/Soak run yet, no release)
11425012543	website-check-report	25.2	37490246174	b2f9630	2026-10-06T15:45	cancelled	cancelled gate run on b2f9630, classified in NOTES/buglog (2026-10-06); superseded by newer gates (fb891fd, dad6597) that carry the same open findings; no open bug/owner decision needs this copy; not certification/release (no C1/Soak run yet, no release)
11424942412	screen-check-report	1.0	37489249271	b262143	2026-10-06T15:38	cancelled	cancelled gate run on b262143, classified in NOTES/buglog (2026-10-06); superseded by newer gates (fb891fd, dad6597) that carry the same open findings; no open bug/owner decision needs this copy; not certification/release (no C1/Soak run yet, no release)
11424633622	website	0.4	37490246174	b2f9630	2026-10-06T15:45	cancelled	cancelled gate run on b2f9630, classified in NOTES/buglog (2026-10-06); superseded by newer gates (fb891fd, dad6597) that carry the same open findings; no open bug/owner decision needs this copy; not certification/release (no C1/Soak run yet, no release)
11424507806	qa-evidence	0.1	37487232689	accd007	2026-10-06T15:24	cancelled	cancelled gate run on accd007, classified in NOTES/buglog (2026-10-06); superseded by newer gates (fb891fd, dad6597) that carry the same open findings; no open bug/owner decision needs this copy; not certification/release (no C1/Soak run yet, no release)
11424047344	screen-check-report	5.4	37483945440	ed71b9e	2026-10-06T15:01	cancelled	cancelled gate run on ed71b9e, classified in NOTES/buglog (2026-10-06); superseded by newer gates (fb891fd, dad6597) that carry the same open findings; no open bug/owner decision needs this copy; not certification/release (no C1/Soak run yet, no release)
11423997489	website	0.4	37487232689	accd007	2026-10-06T15:24	cancelled	cancelled gate run on accd007, classified in NOTES/buglog (2026-10-06); superseded by newer gates (fb891fd, dad6597) that carry the same open findings; no open bug/owner decision needs this copy; not certification/release (no C1/Soak run yet, no release)
11423678394	client-setup-screens	1.0	37487232689	accd007	2026-10-06T15:24	cancelled	cancelled gate run on accd007, classified in NOTES/buglog (2026-10-06); superseded by newer gates (fb891fd, dad6597) that carry the same open findings; no open bug/owner decision needs this copy; not certification/release (no C1/Soak run yet, no release)
11423587965	website-check-report	25.2	37487232689	accd007	2026-10-06T15:24	cancelled	cancelled gate run on accd007, classified in NOTES/buglog (2026-10-06); superseded by newer gates (fb891fd, dad6597) that carry the same open findings; no open bug/owner decision needs this copy; not certification/release (no C1/Soak run yet, no release)
11423532627	qa-evidence	10.5	37483945440	ed71b9e	2026-10-06T15:01	cancelled	cancelled gate run on ed71b9e, classified in NOTES/buglog (2026-10-06); superseded by newer gates (fb891fd, dad6597) that carry the same open findings; no open bug/owner decision needs this copy; not certification/release (no C1/Soak run yet, no release)
11423270707	client-setup-screens	1.0	37483945440	ed71b9e	2026-10-06T15:01	cancelled	cancelled gate run on ed71b9e, classified in NOTES/buglog (2026-10-06); superseded by newer gates (fb891fd, dad6597) that carry the same open findings; no open bug/owner decision needs this copy; not certification/release (no C1/Soak run yet, no release)
11423245255	website	0.4	37483945440	ed71b9e	2026-10-06T15:01	cancelled	cancelled gate run on ed71b9e, classified in NOTES/buglog (2026-10-06); superseded by newer gates (fb891fd, dad6597) that carry the same open findings; no open bug/owner decision needs this copy; not certification/release (no C1/Soak run yet, no release)
11422990994	website-check-report	25.3	37483945440	ed71b9e	2026-10-06T15:01	cancelled	cancelled gate run on ed71b9e, classified in NOTES/buglog (2026-10-06); superseded by newer gates (fb891fd, dad6597) that carry the same open findings; no open bug/owner decision needs this copy; not certification/release (no C1/Soak run yet, no release)
11422647493	client-setup-screens	1.0	37483627868	af1e163	2026-10-06T14:59	cancelled	cancelled gate run on af1e163, classified in NOTES/buglog (2026-10-06); superseded by newer gates (fb891fd, dad6597) that carry the same open findings; no open bug/owner decision needs this copy; not certification/release (no C1/Soak run yet, no release)
11422601725	qa-journeys-evidence	0.1	37483413634	f03ffc1	2026-10-06T14:58	cancelled	cancelled gate run on f03ffc1, classified in NOTES/buglog (2026-10-06); superseded by newer gates (fb891fd, dad6597) that carry the same open findings; no open bug/owner decision needs this copy; not certification/release (no C1/Soak run yet, no release)
11422412872	screen-check-report	1.0	37483627868	af1e163	2026-10-06T14:59	cancelled	cancelled gate run on af1e163, classified in NOTES/buglog (2026-10-06); superseded by newer gates (fb891fd, dad6597) that carry the same open findings; no open bug/owner decision needs this copy; not certification/release (no C1/Soak run yet, no release)
11421823314	website-check-report	25.3	37483627868	af1e163	2026-10-06T14:59	cancelled	cancelled gate run on af1e163, classified in NOTES/buglog (2026-10-06); superseded by newer gates (fb891fd, dad6597) that carry the same open findings; no open bug/owner decision needs this copy; not certification/release (no C1/Soak run yet, no release)
11421798293	website	0.4	37483627868	af1e163	2026-10-06T14:59	cancelled	cancelled gate run on af1e163, classified in NOTES/buglog (2026-10-06); superseded by newer gates (fb891fd, dad6597) that carry the same open findings; no open bug/owner decision needs this copy; not certification/release (no C1/Soak run yet, no release)
11421778482	qa-journeys-evidence	0.1	37483628166	af1e163	2026-10-06T14:59	cancelled	cancelled gate run on af1e163, classified in NOTES/buglog (2026-10-06); superseded by newer gates (fb891fd, dad6597) that carry the same open findings; no open bug/owner decision needs this copy; not certification/release (no C1/Soak run yet, no release)
11421621808	client-setup-screens	1.0	37481305040	2d362ed	2026-10-06T14:43	cancelled	cancelled gate run on 2d362ed, classified in NOTES/buglog (2026-10-06); superseded by newer gates (fb891fd, dad6597) that carry the same open findings; no open bug/owner decision needs this copy; not certification/release (no C1/Soak run yet, no release)
11421583178	qa-journeys-evidence	0.1	37481305224	2d362ed	2026-10-06T14:43	cancelled	cancelled gate run on 2d362ed, classified in NOTES/buglog (2026-10-06); superseded by newer gates (fb891fd, dad6597) that carry the same open findings; no open bug/owner decision needs this copy; not certification/release (no C1/Soak run yet, no release)
11421339004	qa-journeys-evidence	0.1	37483029530	f5889e3	2026-10-06T14:55	cancelled	cancelled gate run on f5889e3, classified in NOTES/buglog (2026-10-06); superseded by newer gates (fb891fd, dad6597) that carry the same open findings; no open bug/owner decision needs this copy; not certification/release (no C1/Soak run yet, no release)
11421326989	website-check-report	25.3	37481305040	2d362ed	2026-10-06T14:43	cancelled	cancelled gate run on 2d362ed, classified in NOTES/buglog (2026-10-06); superseded by newer gates (fb891fd, dad6597) that carry the same open findings; no open bug/owner decision needs this copy; not certification/release (no C1/Soak run yet, no release)
11421232587	website	0.4	37481305040	2d362ed	2026-10-06T14:43	cancelled	cancelled gate run on 2d362ed, classified in NOTES/buglog (2026-10-06); superseded by newer gates (fb891fd, dad6597) that carry the same open findings; no open bug/owner decision needs this copy; not certification/release (no C1/Soak run yet, no release)
11409750478	screen-check-report	5.4	37451999661	f6bb21f	2026-10-06T10:46	failure	failure gate run on f6bb21f, classified in NOTES/buglog (2026-10-06); superseded by newer gates (fb891fd, dad6597) that carry the same open findings; no open bug/owner decision needs this copy; not certification/release (no C1/Soak run yet, no release)
11408445121	qa-journeys-evidence	24.4	37451999613	f6bb21f	2026-10-06T10:46	failure	failure gate run on f6bb21f, classified in NOTES/buglog (2026-10-06); superseded by newer gates (fb891fd, dad6597) that carry the same open findings; no open bug/owner decision needs this copy; not certification/release (no C1/Soak run yet, no release)
11407540397	client-setup-screens	1.0	37451999661	f6bb21f	2026-10-06T10:46	failure	failure gate run on f6bb21f, classified in NOTES/buglog (2026-10-06); superseded by newer gates (fb891fd, dad6597) that carry the same open findings; no open bug/owner decision needs this copy; not certification/release (no C1/Soak run yet, no release)
11407340163	website-check-report	25.2	37451999661	f6bb21f	2026-10-06T10:46	failure	failure gate run on f6bb21f, classified in NOTES/buglog (2026-10-06); superseded by newer gates (fb891fd, dad6597) that carry the same open findings; no open bug/owner decision needs this copy; not certification/release (no C1/Soak run yet, no release)
11407235226	website	0.4	37451999661	f6bb21f	2026-10-06T10:46	failure	failure gate run on f6bb21f, classified in NOTES/buglog (2026-10-06); superseded by newer gates (fb891fd, dad6597) that carry the same open findings; no open bug/owner decision needs this copy; not certification/release (no C1/Soak run yet, no release)
11406983629	client-setup-screens	1.0	37451487014	c2267ae	2026-10-06T10:41	cancelled	cancelled gate run on c2267ae, classified in NOTES/buglog (2026-10-06); superseded by newer gates (fb891fd, dad6597) that carry the same open findings; no open bug/owner decision needs this copy; not certification/release (no C1/Soak run yet, no release)
11406889355	screen-check-report	1.0	37451487014	c2267ae	2026-10-06T10:41	cancelled	cancelled gate run on c2267ae, classified in NOTES/buglog (2026-10-06); superseded by newer gates (fb891fd, dad6597) that carry the same open findings; no open bug/owner decision needs this copy; not certification/release (no C1/Soak run yet, no release)
11406434205	qa-journeys-evidence	0.1	37451487108	c2267ae	2026-10-06T10:41	cancelled	cancelled gate run on c2267ae, classified in NOTES/buglog (2026-10-06); superseded by newer gates (fb891fd, dad6597) that carry the same open findings; no open bug/owner decision needs this copy; not certification/release (no C1/Soak run yet, no release)
11406267877	screen-check-report	5.4	37448096203	01e12a3	2026-10-06T10:11	failure	failure gate run on 01e12a3, classified in NOTES/buglog (2026-10-06); superseded by newer gates (fb891fd, dad6597) that carry the same open findings; no open bug/owner decision needs this copy; not certification/release (no C1/Soak run yet, no release)
11405375669	qa-journeys-evidence	0.7	37448096100	01e12a3	2026-10-06T10:11	failure	failure gate run on 01e12a3, classified in NOTES/buglog (2026-10-06); superseded by newer gates (fb891fd, dad6597) that carry the same open findings; no open bug/owner decision needs this copy; not certification/release (no C1/Soak run yet, no release)
11405249088	website-check-report	25.3	37451487014	c2267ae	2026-10-06T10:41	cancelled	cancelled gate run on c2267ae, classified in NOTES/buglog (2026-10-06); superseded by newer gates (fb891fd, dad6597) that carry the same open findings; no open bug/owner decision needs this copy; not certification/release (no C1/Soak run yet, no release)
11405204182	website	0.4	37451487014	c2267ae	2026-10-06T10:41	cancelled	cancelled gate run on c2267ae, classified in NOTES/buglog (2026-10-06); superseded by newer gates (fb891fd, dad6597) that carry the same open findings; no open bug/owner decision needs this copy; not certification/release (no C1/Soak run yet, no release)
11405120713	client-setup-screens	1.0	37448096203	01e12a3	2026-10-06T10:11	failure	failure gate run on 01e12a3, classified in NOTES/buglog (2026-10-06); superseded by newer gates (fb891fd, dad6597) that carry the same open findings; no open bug/owner decision needs this copy; not certification/release (no C1/Soak run yet, no release)
11404118477	website-check-report	25.3	37448096203	01e12a3	2026-10-06T10:11	failure	failure gate run on 01e12a3, classified in NOTES/buglog (2026-10-06); superseded by newer gates (fb891fd, dad6597) that carry the same open findings; no open bug/owner decision needs this copy; not certification/release (no C1/Soak run yet, no release)
11403957101	qa-journeys-evidence	0.7	37446317407	efef555	2026-10-06T09:55	failure	failure gate run on efef555, classified in NOTES/buglog (2026-10-06); superseded by newer gates (fb891fd, dad6597) that carry the same open findings; no open bug/owner decision needs this copy; not certification/release (no C1/Soak run yet, no release)
11403873973	website	0.4	37448096203	01e12a3	2026-10-06T10:11	failure	failure gate run on 01e12a3, classified in NOTES/buglog (2026-10-06); superseded by newer gates (fb891fd, dad6597) that carry the same open findings; no open bug/owner decision needs this copy; not certification/release (no C1/Soak run yet, no release)
11403806276	screen-check-report	0.5	37445422903	5ec172f	2026-10-06T09:47	cancelled	cancelled gate run on 5ec172f, classified in NOTES/buglog (2026-10-06); superseded by newer gates (fb891fd, dad6597) that carry the same open findings; no open bug/owner decision needs this copy; not certification/release (no C1/Soak run yet, no release)
11403795759	website	0.4	37446317270	efef555	2026-10-06T09:55	cancelled	cancelled gate run on efef555, classified in NOTES/buglog (2026-10-06); superseded by newer gates (fb891fd, dad6597) that carry the same open findings; no open bug/owner decision needs this copy; not certification/release (no C1/Soak run yet, no release)
11403390738	website	0.4	37445422903	5ec172f	2026-10-06T09:47	cancelled	cancelled gate run on 5ec172f, classified in NOTES/buglog (2026-10-06); superseded by newer gates (fb891fd, dad6597) that carry the same open findings; no open bug/owner decision needs this copy; not certification/release (no C1/Soak run yet, no release)
11403370745	website-check-report	25.3	37445422903	5ec172f	2026-10-06T09:47	cancelled	cancelled gate run on 5ec172f, classified in NOTES/buglog (2026-10-06); superseded by newer gates (fb891fd, dad6597) that carry the same open findings; no open bug/owner decision needs this copy; not certification/release (no C1/Soak run yet, no release)
11403272435	client-setup-screens	1.0	37446317270	efef555	2026-10-06T09:55	cancelled	cancelled gate run on efef555, classified in NOTES/buglog (2026-10-06); superseded by newer gates (fb891fd, dad6597) that carry the same open findings; no open bug/owner decision needs this copy; not certification/release (no C1/Soak run yet, no release)
11403139064	qa-journeys-evidence	0.0	37446017697	b35d6b0	2026-10-06T09:53	cancelled	cancelled gate run on b35d6b0, classified in NOTES/buglog (2026-10-06); superseded by newer gates (fb891fd, dad6597) that carry the same open findings; no open bug/owner decision needs this copy; not certification/release (no C1/Soak run yet, no release)
11403109271	website-check-report	25.3	37446317270	efef555	2026-10-06T09:55	cancelled	cancelled gate run on efef555, classified in NOTES/buglog (2026-10-06); superseded by newer gates (fb891fd, dad6597) that carry the same open findings; no open bug/owner decision needs this copy; not certification/release (no C1/Soak run yet, no release)
11402993350	screen-check-report	5.4	37443104604	95a3744	2026-10-06T09:27	cancelled	cancelled gate run on 95a3744, classified in NOTES/buglog (2026-10-06); superseded by newer gates (fb891fd, dad6597) that carry the same open findings; no open bug/owner decision needs this copy; not certification/release (no C1/Soak run yet, no release)
11402535228	client-setup-screens	0.1	37442894328	2c1e0e7	2026-10-06T09:25	cancelled	cancelled gate run on 2c1e0e7, classified in NOTES/buglog (2026-10-06); superseded by newer gates (fb891fd, dad6597) that carry the same open findings; no open bug/owner decision needs this copy; not certification/release (no C1/Soak run yet, no release)
11402465214	website-check-report	25.2	37442894328	2c1e0e7	2026-10-06T09:25	cancelled	cancelled gate run on 2c1e0e7, classified in NOTES/buglog (2026-10-06); superseded by newer gates (fb891fd, dad6597) that carry the same open findings; no open bug/owner decision needs this copy; not certification/release (no C1/Soak run yet, no release)
11402386536	website-check-report	25.3	37443104604	95a3744	2026-10-06T09:27	cancelled	cancelled gate run on 95a3744, classified in NOTES/buglog (2026-10-06); superseded by newer gates (fb891fd, dad6597) that carry the same open findings; no open bug/owner decision needs this copy; not certification/release (no C1/Soak run yet, no release)
11402097096	website	0.4	37443104604	95a3744	2026-10-06T09:27	cancelled	cancelled gate run on 95a3744, classified in NOTES/buglog (2026-10-06); superseded by newer gates (fb891fd, dad6597) that carry the same open findings; no open bug/owner decision needs this copy; not certification/release (no C1/Soak run yet, no release)
11401909188	client-setup-screens	1.0	37443104604	95a3744	2026-10-06T09:27	cancelled	cancelled gate run on 95a3744, classified in NOTES/buglog (2026-10-06); superseded by newer gates (fb891fd, dad6597) that carry the same open findings; no open bug/owner decision needs this copy; not certification/release (no C1/Soak run yet, no release)
11401823958	screen-check-report	0.5	37442894328	2c1e0e7	2026-10-06T09:25	cancelled	cancelled gate run on 2c1e0e7, classified in NOTES/buglog (2026-10-06); superseded by newer gates (fb891fd, dad6597) that carry the same open findings; no open bug/owner decision needs this copy; not certification/release (no C1/Soak run yet, no release)
11401813419	website	0.4	37442894328	2c1e0e7	2026-10-06T09:25	cancelled	cancelled gate run on 2c1e0e7, classified in NOTES/buglog (2026-10-06); superseded by newer gates (fb891fd, dad6597) that carry the same open findings; no open bug/owner decision needs this copy; not certification/release (no C1/Soak run yet, no release)
11401173999	screen-check-report	5.7	37439968009	3b7a679	2026-10-06T09:00	failure	failure gate run on 3b7a679, classified in NOTES/buglog (2026-10-06); superseded by newer gates (fb891fd, dad6597) that carry the same open findings; no open bug/owner decision needs this copy; not certification/release (no C1/Soak run yet, no release)
11400917473	client-setup-screens	1.0	37439968009	3b7a679	2026-10-06T09:00	failure	failure gate run on 3b7a679, classified in NOTES/buglog (2026-10-06); superseded by newer gates (fb891fd, dad6597) that carry the same open findings; no open bug/owner decision needs this copy; not certification/release (no C1/Soak run yet, no release)
11400632321	website	0.4	37439968009	3b7a679	2026-10-06T09:00	failure	failure gate run on 3b7a679, classified in NOTES/buglog (2026-10-06); superseded by newer gates (fb891fd, dad6597) that carry the same open findings; no open bug/owner decision needs this copy; not certification/release (no C1/Soak run yet, no release)
11400562484	website-check-report	25.3	37439968009	3b7a679	2026-10-06T09:00	failure	failure gate run on 3b7a679, classified in NOTES/buglog (2026-10-06); superseded by newer gates (fb891fd, dad6597) that carry the same open findings; no open bug/owner decision needs this copy; not certification/release (no C1/Soak run yet, no release)
11398771701	screen-check-report	5.7	37433352724	2de4f96	2026-10-06T08:01	failure	failure gate run on 2de4f96, classified in NOTES/buglog (2026-10-06); superseded by newer gates (fb891fd, dad6597) that carry the same open findings; no open bug/owner decision needs this copy; not certification/release (no C1/Soak run yet, no release)
11398362151	website-check-report	25.3	37433352724	2de4f96	2026-10-06T08:01	failure	failure gate run on 2de4f96, classified in NOTES/buglog (2026-10-06); superseded by newer gates (fb891fd, dad6597) that carry the same open findings; no open bug/owner decision needs this copy; not certification/release (no C1/Soak run yet, no release)
11398322312	website	0.4	37433352724	2de4f96	2026-10-06T08:01	failure	failure gate run on 2de4f96, classified in NOTES/buglog (2026-10-06); superseded by newer gates (fb891fd, dad6597) that carry the same open findings; no open bug/owner decision needs this copy; not certification/release (no C1/Soak run yet, no release)
11398187204	screen-check-report	1.1	37432874352	4c86252	2026-10-06T07:56	cancelled	cancelled gate run on 4c86252, classified in NOTES/buglog (2026-10-06); superseded by newer gates (fb891fd, dad6597) that carry the same open findings; no open bug/owner decision needs this copy; not certification/release (no C1/Soak run yet, no release)
11398058220	client-setup-screens	1.0	37433352724	2de4f96	2026-10-06T08:01	failure	failure gate run on 2de4f96, classified in NOTES/buglog (2026-10-06); superseded by newer gates (fb891fd, dad6597) that carry the same open findings; no open bug/owner decision needs this copy; not certification/release (no C1/Soak run yet, no release)
11397697156	website	0.4	37432874352	4c86252	2026-10-06T07:56	cancelled	cancelled gate run on 4c86252, classified in NOTES/buglog (2026-10-06); superseded by newer gates (fb891fd, dad6597) that carry the same open findings; no open bug/owner decision needs this copy; not certification/release (no C1/Soak run yet, no release)
11397617411	website-check-report	25.3	37432874352	4c86252	2026-10-06T07:56	cancelled	cancelled gate run on 4c86252, classified in NOTES/buglog (2026-10-06); superseded by newer gates (fb891fd, dad6597) that carry the same open findings; no open bug/owner decision needs this copy; not certification/release (no C1/Soak run yet, no release)
11397314066	client-setup-screens	1.0	37432874352	4c86252	2026-10-06T07:56	cancelled	cancelled gate run on 4c86252, classified in NOTES/buglog (2026-10-06); superseded by newer gates (fb891fd, dad6597) that carry the same open findings; no open bug/owner decision needs this copy; not certification/release (no C1/Soak run yet, no release)
11396908456	screen-check-report	5.7	37428746918	3ae03f5	2026-10-06T07:17	failure	failure gate run on 3ae03f5, classified in NOTES/buglog (2026-10-06); superseded by newer gates (fb891fd, dad6597) that carry the same open findings; no open bug/owner decision needs this copy; not certification/release (no C1/Soak run yet, no release)
11396192337	website-check-report	25.3	37428746918	3ae03f5	2026-10-06T07:17	failure	failure gate run on 3ae03f5, classified in NOTES/buglog (2026-10-06); superseded by newer gates (fb891fd, dad6597) that carry the same open findings; no open bug/owner decision needs this copy; not certification/release (no C1/Soak run yet, no release)
11396182400	website	0.4	37428746918	3ae03f5	2026-10-06T07:17	failure	failure gate run on 3ae03f5, classified in NOTES/buglog (2026-10-06); superseded by newer gates (fb891fd, dad6597) that carry the same open findings; no open bug/owner decision needs this copy; not certification/release (no C1/Soak run yet, no release)
11395932755	client-setup-screens	1.0	37428746918	3ae03f5	2026-10-06T07:17	failure	failure gate run on 3ae03f5, classified in NOTES/buglog (2026-10-06); superseded by newer gates (fb891fd, dad6597) that carry the same open findings; no open bug/owner decision needs this copy; not certification/release (no C1/Soak run yet, no release)
11395365184	screen-check-report	5.6	37422966629	7127041	2026-10-06T06:18	cancelled	cancelled gate run on 7127041, classified in NOTES/buglog (2026-10-06); superseded by newer gates (fb891fd, dad6597) that carry the same open findings; no open bug/owner decision needs this copy; not certification/release (no C1/Soak run yet, no release)
11395007134	client-setup-screens	1.0	37425121538	fe30c74	2026-10-06T06:41	cancelled	cancelled gate run on fe30c74, classified in NOTES/buglog (2026-10-06); superseded by newer gates (fb891fd, dad6597) that carry the same open findings; no open bug/owner decision needs this copy; not certification/release (no C1/Soak run yet, no release)
11394847066	website	0.4	37425121538	fe30c74	2026-10-06T06:41	cancelled	cancelled gate run on fe30c74, classified in NOTES/buglog (2026-10-06); superseded by newer gates (fb891fd, dad6597) that carry the same open findings; no open bug/owner decision needs this copy; not certification/release (no C1/Soak run yet, no release)
11394757178	website-check-report	25.3	37425121538	fe30c74	2026-10-06T06:41	cancelled	cancelled gate run on fe30c74, classified in NOTES/buglog (2026-10-06); superseded by newer gates (fb891fd, dad6597) that carry the same open findings; no open bug/owner decision needs this copy; not certification/release (no C1/Soak run yet, no release)
11394032143	website-check-report	25.3	37422966629	7127041	2026-10-06T06:18	cancelled	cancelled gate run on 7127041, classified in NOTES/buglog (2026-10-06); superseded by newer gates (fb891fd, dad6597) that carry the same open findings; no open bug/owner decision needs this copy; not certification/release (no C1/Soak run yet, no release)
11393917767	website	0.4	37422966629	7127041	2026-10-06T06:18	cancelled	cancelled gate run on 7127041, classified in NOTES/buglog (2026-10-06); superseded by newer gates (fb891fd, dad6597) that carry the same open findings; no open bug/owner decision needs this copy; not certification/release (no C1/Soak run yet, no release)
11393888110	client-setup-screens	1.0	37422966629	7127041	2026-10-06T06:18	cancelled	cancelled gate run on 7127041, classified in NOTES/buglog (2026-10-06); superseded by newer gates (fb891fd, dad6597) that carry the same open findings; no open bug/owner decision needs this copy; not certification/release (no C1/Soak run yet, no release)
11393603102	screen-check-report	6.2	37420998195	48b4253	2026-10-06T05:55	cancelled	cancelled gate run on 48b4253, classified in NOTES/buglog (2026-10-06); superseded by newer gates (fb891fd, dad6597) that carry the same open findings; no open bug/owner decision needs this copy; not certification/release (no C1/Soak run yet, no release)
11392748938	client-setup-screens	1.0	37420998195	48b4253	2026-10-06T05:55	cancelled	cancelled gate run on 48b4253, classified in NOTES/buglog (2026-10-06); superseded by newer gates (fb891fd, dad6597) that carry the same open findings; no open bug/owner decision needs this copy; not certification/release (no C1/Soak run yet, no release)
11392698845	website-check-report	25.3	37420998195	48b4253	2026-10-06T05:55	cancelled	cancelled gate run on 48b4253, classified in NOTES/buglog (2026-10-06); superseded by newer gates (fb891fd, dad6597) that carry the same open findings; no open bug/owner decision needs this copy; not certification/release (no C1/Soak run yet, no release)
11392509038	website	0.4	37420998195	48b4253	2026-10-06T05:55	cancelled	cancelled gate run on 48b4253, classified in NOTES/buglog (2026-10-06); superseded by newer gates (fb891fd, dad6597) that carry the same open findings; no open bug/owner decision needs this copy; not certification/release (no C1/Soak run yet, no release)
11367990618	screen-check-report	13.1	37357689703	4e66f91	2026-10-05T18:40	failure	failure gate run on 4e66f91, classified in NOTES/buglog (2026-10-05); superseded by newer gates (fb891fd, dad6597) that carry the same open findings; no open bug/owner decision needs this copy; not certification/release (no C1/Soak run yet, no release)
11366125857	client-setup-screens	1.0	37357689703	4e66f91	2026-10-05T18:40	failure	failure gate run on 4e66f91, classified in NOTES/buglog (2026-10-05); superseded by newer gates (fb891fd, dad6597) that carry the same open findings; no open bug/owner decision needs this copy; not certification/release (no C1/Soak run yet, no release)
11365386825	screen-check-report	3.4	37355964459	7087975	2026-10-05T18:26	cancelled	cancelled gate run on 7087975, classified in NOTES/buglog (2026-10-05); superseded by newer gates (fb891fd, dad6597) that carry the same open findings; no open bug/owner decision needs this copy; not certification/release (no C1/Soak run yet, no release)
11365242641	website-check-report	25.2	37357689703	4e66f91	2026-10-05T18:40	failure	failure gate run on 4e66f91, classified in NOTES/buglog (2026-10-05); superseded by newer gates (fb891fd, dad6597) that carry the same open findings; no open bug/owner decision needs this copy; not certification/release (no C1/Soak run yet, no release)
11365085832	website-check-report	25.3	37355964459	7087975	2026-10-05T18:26	cancelled	cancelled gate run on 7087975, classified in NOTES/buglog (2026-10-05); superseded by newer gates (fb891fd, dad6597) that carry the same open findings; no open bug/owner decision needs this copy; not certification/release (no C1/Soak run yet, no release)
11365045832	client-setup-screens	1.0	37355964459	7087975	2026-10-05T18:26	cancelled	cancelled gate run on 7087975, classified in NOTES/buglog (2026-10-05); superseded by newer gates (fb891fd, dad6597) that carry the same open findings; no open bug/owner decision needs this copy; not certification/release (no C1/Soak run yet, no release)
11364858118	website	0.4	37357689703	4e66f91	2026-10-05T18:40	failure	failure gate run on 4e66f91, classified in NOTES/buglog (2026-10-05); superseded by newer gates (fb891fd, dad6597) that carry the same open findings; no open bug/owner decision needs this copy; not certification/release (no C1/Soak run yet, no release)
11364418759	website	0.4	37355964459	7087975	2026-10-05T18:26	cancelled	cancelled gate run on 7087975, classified in NOTES/buglog (2026-10-05); superseded by newer gates (fb891fd, dad6597) that carry the same open findings; no open bug/owner decision needs this copy; not certification/release (no C1/Soak run yet, no release)
11363145202	website	0.4	37351204187	3fc5dd1	2026-10-05T17:48	cancelled	cancelled gate run on 3fc5dd1, classified in NOTES/buglog (2026-10-05); superseded by newer gates (fb891fd, dad6597) that carry the same open findings; no open bug/owner decision needs this copy; not certification/release (no C1/Soak run yet, no release)
11362916582	client-setup-screens	1.0	37351204187	3fc5dd1	2026-10-05T17:48	cancelled	cancelled gate run on 3fc5dd1, classified in NOTES/buglog (2026-10-05); superseded by newer gates (fb891fd, dad6597) that carry the same open findings; no open bug/owner decision needs this copy; not certification/release (no C1/Soak run yet, no release)
11362480511	website	0.4	37348856195	e10601e	2026-10-05T17:29	cancelled	cancelled gate run on e10601e, classified in NOTES/buglog (2026-10-05); superseded by newer gates (fb891fd, dad6597) that carry the same open findings; no open bug/owner decision needs this copy; not certification/release (no C1/Soak run yet, no release)
11362348004	website-check-report	25.3	37351204187	3fc5dd1	2026-10-05T17:48	cancelled	cancelled gate run on 3fc5dd1, classified in NOTES/buglog (2026-10-05); superseded by newer gates (fb891fd, dad6597) that carry the same open findings; no open bug/owner decision needs this copy; not certification/release (no C1/Soak run yet, no release)
11362098721	screen-check-report	3.9	37348856195	e10601e	2026-10-05T17:29	cancelled	cancelled gate run on e10601e, classified in NOTES/buglog (2026-10-05); superseded by newer gates (fb891fd, dad6597) that carry the same open findings; no open bug/owner decision needs this copy; not certification/release (no C1/Soak run yet, no release)
11362012086	screen-check-report	6.2	37346078951	b3c938b	2026-10-05T17:07	cancelled	cancelled gate run on b3c938b, classified in NOTES/buglog (2026-10-05); superseded by newer gates (fb891fd, dad6597) that carry the same open findings; no open bug/owner decision needs this copy; not certification/release (no C1/Soak run yet, no release)
11361293902	client-setup-screens	1.0	37348856195	e10601e	2026-10-05T17:29	cancelled	cancelled gate run on e10601e, classified in NOTES/buglog (2026-10-05); superseded by newer gates (fb891fd, dad6597) that carry the same open findings; no open bug/owner decision needs this copy; not certification/release (no C1/Soak run yet, no release)
11361163427	website-check-report	25.3	37348856195	e10601e	2026-10-05T17:29	cancelled	cancelled gate run on e10601e, classified in NOTES/buglog (2026-10-05); superseded by newer gates (fb891fd, dad6597) that carry the same open findings; no open bug/owner decision needs this copy; not certification/release (no C1/Soak run yet, no release)
11361090022	screen-check-report	2.8	37344147031	7a9f3ba	2026-10-05T16:52	cancelled	cancelled gate run on 7a9f3ba, classified in NOTES/buglog (2026-10-05); superseded by newer gates (fb891fd, dad6597) that carry the same open findings; no open bug/owner decision needs this copy; not certification/release (no C1/Soak run yet, no release)
11360697764	website	0.4	37346078951	b3c938b	2026-10-05T17:07	cancelled	cancelled gate run on b3c938b, classified in NOTES/buglog (2026-10-05); superseded by newer gates (fb891fd, dad6597) that carry the same open findings; no open bug/owner decision needs this copy; not certification/release (no C1/Soak run yet, no release)
11360552894	website-check-report	25.3	37346078951	b3c938b	2026-10-05T17:07	cancelled	cancelled gate run on b3c938b, classified in NOTES/buglog (2026-10-05); superseded by newer gates (fb891fd, dad6597) that carry the same open findings; no open bug/owner decision needs this copy; not certification/release (no C1/Soak run yet, no release)
11360250258	website-check-report	25.3	37343785123	21e19ec	2026-10-05T16:49	cancelled	cancelled gate run on 21e19ec, classified in NOTES/buglog (2026-10-05); superseded by newer gates (fb891fd, dad6597) that carry the same open findings; no open bug/owner decision needs this copy; not certification/release (no C1/Soak run yet, no release)
11360221434	website-check-report	25.2	37344147031	7a9f3ba	2026-10-05T16:52	cancelled	cancelled gate run on 7a9f3ba, classified in NOTES/buglog (2026-10-05); superseded by newer gates (fb891fd, dad6597) that carry the same open findings; no open bug/owner decision needs this copy; not certification/release (no C1/Soak run yet, no release)
11360096172	screen-check-report	0.6	37343785123	21e19ec	2026-10-05T16:49	cancelled	cancelled gate run on 21e19ec, classified in NOTES/buglog (2026-10-05); superseded by newer gates (fb891fd, dad6597) that carry the same open findings; no open bug/owner decision needs this copy; not certification/release (no C1/Soak run yet, no release)
11359985133	website-check-report	25.3	37343006554	9fde962	2026-10-05T16:43	cancelled	cancelled gate run on 9fde962, classified in NOTES/buglog (2026-10-05); superseded by newer gates (fb891fd, dad6597) that carry the same open findings; no open bug/owner decision needs this copy; not certification/release (no C1/Soak run yet, no release)
11359922180	website	0.4	37344147031	7a9f3ba	2026-10-05T16:52	cancelled	cancelled gate run on 7a9f3ba, classified in NOTES/buglog (2026-10-05); superseded by newer gates (fb891fd, dad6597) that carry the same open findings; no open bug/owner decision needs this copy; not certification/release (no C1/Soak run yet, no release)
11359892364	client-setup-screens	1.0	37344147031	7a9f3ba	2026-10-05T16:52	cancelled	cancelled gate run on 7a9f3ba, classified in NOTES/buglog (2026-10-05); superseded by newer gates (fb891fd, dad6597) that carry the same open findings; no open bug/owner decision needs this copy; not certification/release (no C1/Soak run yet, no release)
11359784302	client-setup-screens	1.0	37346078951	b3c938b	2026-10-05T17:07	cancelled	cancelled gate run on b3c938b, classified in NOTES/buglog (2026-10-05); superseded by newer gates (fb891fd, dad6597) that carry the same open findings; no open bug/owner decision needs this copy; not certification/release (no C1/Soak run yet, no release)
11359068420	website	0.4	37343006554	9fde962	2026-10-05T16:43	cancelled	cancelled gate run on 9fde962, classified in NOTES/buglog (2026-10-05); superseded by newer gates (fb891fd, dad6597) that carry the same open findings; no open bug/owner decision needs this copy; not certification/release (no C1/Soak run yet, no release)
11358759789	client-setup-screens	1.0	37343785123	21e19ec	2026-10-05T16:49	cancelled	cancelled gate run on 21e19ec, classified in NOTES/buglog (2026-10-05); superseded by newer gates (fb891fd, dad6597) that carry the same open findings; no open bug/owner decision needs this copy; not certification/release (no C1/Soak run yet, no release)
11358704872	website	0.4	37343785123	21e19ec	2026-10-05T16:49	cancelled	cancelled gate run on 21e19ec, classified in NOTES/buglog (2026-10-05); superseded by newer gates (fb891fd, dad6597) that carry the same open findings; no open bug/owner decision needs this copy; not certification/release (no C1/Soak run yet, no release)
11358490425	website-check-report	25.2	37339576980	d8cb610	2026-10-05T16:16	cancelled	cancelled gate run on d8cb610, classified in NOTES/buglog (2026-10-05); superseded by newer gates (fb891fd, dad6597) that carry the same open findings; no open bug/owner decision needs this copy; not certification/release (no C1/Soak run yet, no release)
11358112116	website	0.4	37339576980	d8cb610	2026-10-05T16:16	cancelled	cancelled gate run on d8cb610, classified in NOTES/buglog (2026-10-05); superseded by newer gates (fb891fd, dad6597) that carry the same open findings; no open bug/owner decision needs this copy; not certification/release (no C1/Soak run yet, no release)
11356984845	client-setup-screens	1.0	37339576980	d8cb610	2026-10-05T16:16	cancelled	cancelled gate run on d8cb610, classified in NOTES/buglog (2026-10-05); superseded by newer gates (fb891fd, dad6597) that carry the same open findings; no open bug/owner decision needs this copy; not certification/release (no C1/Soak run yet, no release)
11356760382	client-setup-screens	1.0	37335258253	d688ecf	2026-10-05T15:44	cancelled	cancelled gate run on d688ecf, classified in NOTES/buglog (2026-10-05); superseded by newer gates (fb891fd, dad6597) that carry the same open findings; no open bug/owner decision needs this copy; not certification/release (no C1/Soak run yet, no release)
11355945384	website-check-report	25.3	37332549997	8185fe5	2026-10-05T15:24	cancelled	cancelled gate run on 8185fe5, classified in NOTES/buglog (2026-10-05); superseded by newer gates (fb891fd, dad6597) that carry the same open findings; no open bug/owner decision needs this copy; not certification/release (no C1/Soak run yet, no release)
11355805702	client-setup-screens	1.0	37332549997	8185fe5	2026-10-05T15:24	cancelled	cancelled gate run on 8185fe5, classified in NOTES/buglog (2026-10-05); superseded by newer gates (fb891fd, dad6597) that carry the same open findings; no open bug/owner decision needs this copy; not certification/release (no C1/Soak run yet, no release)
11355489067	website	0.4	37335258253	d688ecf	2026-10-05T15:44	cancelled	cancelled gate run on d688ecf, classified in NOTES/buglog (2026-10-05); superseded by newer gates (fb891fd, dad6597) that carry the same open findings; no open bug/owner decision needs this copy; not certification/release (no C1/Soak run yet, no release)
11355449223	website-check-report	25.2	37335258253	d688ecf	2026-10-05T15:44	cancelled	cancelled gate run on d688ecf, classified in NOTES/buglog (2026-10-05); superseded by newer gates (fb891fd, dad6597) that carry the same open findings; no open bug/owner decision needs this copy; not certification/release (no C1/Soak run yet, no release)
11355206775	website	0.4	37332549997	8185fe5	2026-10-05T15:24	cancelled	cancelled gate run on 8185fe5, classified in NOTES/buglog (2026-10-05); superseded by newer gates (fb891fd, dad6597) that carry the same open findings; no open bug/owner decision needs this copy; not certification/release (no C1/Soak run yet, no release)
11353555436	website-check-report	25.3	37327689121	4201e63	2026-10-05T14:48	cancelled	cancelled gate run on 4201e63, classified in NOTES/buglog (2026-10-05); superseded by newer gates (fb891fd, dad6597) that carry the same open findings; no open bug/owner decision needs this copy; not certification/release (no C1/Soak run yet, no release)
11352900115	client-setup-screens	0.5	37325584790	e6e5fa7	2026-10-05T14:32	cancelled	cancelled gate run on e6e5fa7, classified in NOTES/buglog (2026-10-05); superseded by newer gates (fb891fd, dad6597) that carry the same open findings; no open bug/owner decision needs this copy; not certification/release (no C1/Soak run yet, no release)
11352489317	client-setup-screens	0.8	37327689121	4201e63	2026-10-05T14:48	cancelled	cancelled gate run on 4201e63, classified in NOTES/buglog (2026-10-05); superseded by newer gates (fb891fd, dad6597) that carry the same open findings; no open bug/owner decision needs this copy; not certification/release (no C1/Soak run yet, no release)
11352334662	website	0.4	37327689121	4201e63	2026-10-05T14:48	cancelled	cancelled gate run on 4201e63, classified in NOTES/buglog (2026-10-05); superseded by newer gates (fb891fd, dad6597) that carry the same open findings; no open bug/owner decision needs this copy; not certification/release (no C1/Soak run yet, no release)
11352047676	website	0.4	37325584790	e6e5fa7	2026-10-05T14:32	cancelled	cancelled gate run on e6e5fa7, classified in NOTES/buglog (2026-10-05); superseded by newer gates (fb891fd, dad6597) that carry the same open findings; no open bug/owner decision needs this copy; not certification/release (no C1/Soak run yet, no release)
11351837983	website-check-report	25.3	37325584790	e6e5fa7	2026-10-05T14:32	cancelled	cancelled gate run on e6e5fa7, classified in NOTES/buglog (2026-10-05); superseded by newer gates (fb891fd, dad6597) that carry the same open findings; no open bug/owner decision needs this copy; not certification/release (no C1/Soak run yet, no release)
11350398276	website	0.4	37322887635	0b519e7	2026-10-05T14:12	cancelled	cancelled gate run on 0b519e7, classified in NOTES/buglog (2026-10-05); superseded by newer gates (fb891fd, dad6597) that carry the same open findings; no open bug/owner decision needs this copy; not certification/release (no C1/Soak run yet, no release)
11350234409	client-setup-screens	0.4	37322887635	0b519e7	2026-10-05T14:12	cancelled	cancelled gate run on 0b519e7, classified in NOTES/buglog (2026-10-05); superseded by newer gates (fb891fd, dad6597) that carry the same open findings; no open bug/owner decision needs this copy; not certification/release (no C1/Soak run yet, no release)
11350214037	website-check-report	25.3	37322887635	0b519e7	2026-10-05T14:12	cancelled	cancelled gate run on 0b519e7, classified in NOTES/buglog (2026-10-05); superseded by newer gates (fb891fd, dad6597) that carry the same open findings; no open bug/owner decision needs this copy; not certification/release (no C1/Soak run yet, no release)
11349862186	website	0.4	37320094936	8a3efad	2026-10-05T13:51	cancelled	cancelled gate run on 8a3efad, classified in NOTES/buglog (2026-10-05); superseded by newer gates (fb891fd, dad6597) that carry the same open findings; no open bug/owner decision needs this copy; not certification/release (no C1/Soak run yet, no release)
11349737669	website-check-report	25.2	37320094936	8a3efad	2026-10-05T13:51	cancelled	cancelled gate run on 8a3efad, classified in NOTES/buglog (2026-10-05); superseded by newer gates (fb891fd, dad6597) that carry the same open findings; no open bug/owner decision needs this copy; not certification/release (no C1/Soak run yet, no release)
11348763391	website	0.4	37319440531	66bb9e9	2026-10-05T13:46	cancelled	cancelled gate run on 66bb9e9, classified in NOTES/buglog (2026-10-05); superseded by newer gates (fb891fd, dad6597) that carry the same open findings; no open bug/owner decision needs this copy; not certification/release (no C1/Soak run yet, no release)
11348588535	website-check-report	25.3	37319440531	66bb9e9	2026-10-05T13:46	cancelled	cancelled gate run on 66bb9e9, classified in NOTES/buglog (2026-10-05); superseded by newer gates (fb891fd, dad6597) that carry the same open findings; no open bug/owner decision needs this copy; not certification/release (no C1/Soak run yet, no release)
11345793874	screen-check-report	0.0	37306555847	9fc4e9c	2026-10-05T12:00	cancelled	cancelled gate run on 9fc4e9c, classified in NOTES/buglog (2026-10-05); superseded by newer gates (fb891fd, dad6597) that carry the same open findings; no open bug/owner decision needs this copy; not certification/release (no C1/Soak run yet, no release)
11344446172	website-check-report	25.3	37306555847	9fc4e9c	2026-10-05T12:00	cancelled	cancelled gate run on 9fc4e9c, classified in NOTES/buglog (2026-10-05); superseded by newer gates (fb891fd, dad6597) that carry the same open findings; no open bug/owner decision needs this copy; not certification/release (no C1/Soak run yet, no release)
11344271293	website	0.4	37306555847	9fc4e9c	2026-10-05T12:00	cancelled	cancelled gate run on 9fc4e9c, classified in NOTES/buglog (2026-10-05); superseded by newer gates (fb891fd, dad6597) that carry the same open findings; no open bug/owner decision needs this copy; not certification/release (no C1/Soak run yet, no release)
11343160144	website-check-report	25.3	37302543977	aa8753c	2026-10-05T11:22	cancelled	cancelled gate run on aa8753c, classified in NOTES/buglog (2026-10-05); superseded by newer gates (fb891fd, dad6597) that carry the same open findings; no open bug/owner decision needs this copy; not certification/release (no C1/Soak run yet, no release)
11343085171	website	0.4	37302543977	aa8753c	2026-10-05T11:22	cancelled	cancelled gate run on aa8753c, classified in NOTES/buglog (2026-10-05); superseded by newer gates (fb891fd, dad6597) that carry the same open findings; no open bug/owner decision needs this copy; not certification/release (no C1/Soak run yet, no release)
11342217070	website-check-report	25.3	37303017143	10bd6e5	2026-10-05T11:27	cancelled	cancelled gate run on 10bd6e5, classified in NOTES/buglog (2026-10-05); superseded by newer gates (fb891fd, dad6597) that carry the same open findings; no open bug/owner decision needs this copy; not certification/release (no C1/Soak run yet, no release)
11342102455	website	0.4	37303017143	10bd6e5	2026-10-05T11:27	cancelled	cancelled gate run on 10bd6e5, classified in NOTES/buglog (2026-10-05); superseded by newer gates (fb891fd, dad6597) that carry the same open findings; no open bug/owner decision needs this copy; not certification/release (no C1/Soak run yet, no release)
11341956693	website	0.4	37300503945	5aa07c7	2026-10-05T11:03	cancelled	cancelled gate run on 5aa07c7, classified in NOTES/buglog (2026-10-05); superseded by newer gates (fb891fd, dad6597) that carry the same open findings; no open bug/owner decision needs this copy; not certification/release (no C1/Soak run yet, no release)
11341743742	website	0.4	37301398857	b1eafe1	2026-10-05T11:12	cancelled	cancelled gate run on b1eafe1, classified in NOTES/buglog (2026-10-05); superseded by newer gates (fb891fd, dad6597) that carry the same open findings; no open bug/owner decision needs this copy; not certification/release (no C1/Soak run yet, no release)
11341601952	website-check-report	25.3	37300503945	5aa07c7	2026-10-05T11:03	cancelled	cancelled gate run on 5aa07c7, classified in NOTES/buglog (2026-10-05); superseded by newer gates (fb891fd, dad6597) that carry the same open findings; no open bug/owner decision needs this copy; not certification/release (no C1/Soak run yet, no release)
11341314291	website-check-report	25.3	37301398857	b1eafe1	2026-10-05T11:12	cancelled	cancelled gate run on b1eafe1, classified in NOTES/buglog (2026-10-05); superseded by newer gates (fb891fd, dad6597) that carry the same open findings; no open bug/owner decision needs this copy; not certification/release (no C1/Soak run yet, no release)
11336244065	screen-check-report	37.8	37286029714	5125a52	2026-10-05T08:49	failure	failure gate run on 5125a52, classified in NOTES/buglog (2026-10-05); superseded by newer gates (fb891fd, dad6597) that carry the same open findings; no open bug/owner decision needs this copy; not certification/release (no C1/Soak run yet, no release)
11335457117	screen-check-report	30.0	37285839156	269a218	2026-10-05T08:47	cancelled	cancelled gate run on 269a218, classified in NOTES/buglog (2026-10-05); superseded by newer gates (fb891fd, dad6597) that carry the same open findings; no open bug/owner decision needs this copy; not certification/release (no C1/Soak run yet, no release)
11335182574	screen-check-report	37.5	37282855727	308bf1e	2026-10-05T08:18	failure	failure gate run on 308bf1e, classified in NOTES/buglog (2026-10-05); superseded by newer gates (fb891fd, dad6597) that carry the same open findings; no open bug/owner decision needs this copy; not certification/release (no C1/Soak run yet, no release)
11335015416	screen-check-report	37.2	37281618983	25ce7cd	2026-10-05T08:06	failure	failure gate run on 25ce7cd, classified in NOTES/buglog (2026-10-05); superseded by newer gates (fb891fd, dad6597) that carry the same open findings; no open bug/owner decision needs this copy; not certification/release (no C1/Soak run yet, no release)
11334885567	screen-check-report	3.4	37285888913	4474c1d	2026-10-05T08:47	cancelled	cancelled gate run on 4474c1d, classified in NOTES/buglog (2026-10-05); superseded by newer gates (fb891fd, dad6597) that carry the same open findings; no open bug/owner decision needs this copy; not certification/release (no C1/Soak run yet, no release)
11334736214	website-check-report	25.2	37286029714	5125a52	2026-10-05T08:49	failure	failure gate run on 5125a52, classified in NOTES/buglog (2026-10-05); superseded by newer gates (fb891fd, dad6597) that carry the same open findings; no open bug/owner decision needs this copy; not certification/release (no C1/Soak run yet, no release)
11334696241	screen-check-report	37.9	37281463380	aa60e18	2026-10-05T08:05	failure	failure gate run on aa60e18, classified in NOTES/buglog (2026-10-05); superseded by newer gates (fb891fd, dad6597) that carry the same open findings; no open bug/owner decision needs this copy; not certification/release (no C1/Soak run yet, no release)
11334308176	website	0.4	37286029714	5125a52	2026-10-05T08:49	failure	failure gate run on 5125a52, classified in NOTES/buglog (2026-10-05); superseded by newer gates (fb891fd, dad6597) that carry the same open findings; no open bug/owner decision needs this copy; not certification/release (no C1/Soak run yet, no release)
11334123019	website	0.4	37285839156	269a218	2026-10-05T08:47	cancelled	cancelled gate run on 269a218, classified in NOTES/buglog (2026-10-05); superseded by newer gates (fb891fd, dad6597) that carry the same open findings; no open bug/owner decision needs this copy; not certification/release (no C1/Soak run yet, no release)
11333993222	website	0.4	37285888913	4474c1d	2026-10-05T08:47	cancelled	cancelled gate run on 4474c1d, classified in NOTES/buglog (2026-10-05); superseded by newer gates (fb891fd, dad6597) that carry the same open findings; no open bug/owner decision needs this copy; not certification/release (no C1/Soak run yet, no release)
11333778681	website-check-report	25.3	37285839156	269a218	2026-10-05T08:47	cancelled	cancelled gate run on 269a218, classified in NOTES/buglog (2026-10-05); superseded by newer gates (fb891fd, dad6597) that carry the same open findings; no open bug/owner decision needs this copy; not certification/release (no C1/Soak run yet, no release)
11333529032	website-check-report	25.2	37285888913	4474c1d	2026-10-05T08:47	cancelled	cancelled gate run on 4474c1d, classified in NOTES/buglog (2026-10-05); superseded by newer gates (fb891fd, dad6597) that carry the same open findings; no open bug/owner decision needs this copy; not certification/release (no C1/Soak run yet, no release)
11333501315	website-check-report	25.3	37283963543	ed80941	2026-10-05T08:29	cancelled	cancelled gate run on ed80941, classified in NOTES/buglog (2026-10-05); superseded by newer gates (fb891fd, dad6597) that carry the same open findings; no open bug/owner decision needs this copy; not certification/release (no C1/Soak run yet, no release)
11333349366	screen-check-report	37.8	37281095042	c223d62	2026-10-05T08:01	failure	failure gate run on c223d62, classified in NOTES/buglog (2026-10-05); superseded by newer gates (fb891fd, dad6597) that carry the same open findings; no open bug/owner decision needs this copy; not certification/release (no C1/Soak run yet, no release)
11333340063	website-check-report	25.2	37282855727	308bf1e	2026-10-05T08:18	failure	failure gate run on 308bf1e, classified in NOTES/buglog (2026-10-05); superseded by newer gates (fb891fd, dad6597) that carry the same open findings; no open bug/owner decision needs this copy; not certification/release (no C1/Soak run yet, no release)
11333238431	website-check-report	25.3	37284241232	90d6b96	2026-10-05T08:32	cancelled	cancelled gate run on 90d6b96, classified in NOTES/buglog (2026-10-05); superseded by newer gates (fb891fd, dad6597) that carry the same open findings; no open bug/owner decision needs this copy; not certification/release (no C1/Soak run yet, no release)
11333127004	website	0.4	37283963543	ed80941	2026-10-05T08:29	cancelled	cancelled gate run on ed80941, classified in NOTES/buglog (2026-10-05); superseded by newer gates (fb891fd, dad6597) that carry the same open findings; no open bug/owner decision needs this copy; not certification/release (no C1/Soak run yet, no release)
11333054685	website	0.4	37284241232	90d6b96	2026-10-05T08:32	cancelled	cancelled gate run on 90d6b96, classified in NOTES/buglog (2026-10-05); superseded by newer gates (fb891fd, dad6597) that carry the same open findings; no open bug/owner decision needs this copy; not certification/release (no C1/Soak run yet, no release)
11332886740	website-check-report	25.3	37281618983	25ce7cd	2026-10-05T08:06	failure	failure gate run on 25ce7cd, classified in NOTES/buglog (2026-10-05); superseded by newer gates (fb891fd, dad6597) that carry the same open findings; no open bug/owner decision needs this copy; not certification/release (no C1/Soak run yet, no release)
11332652192	website-check-report	25.3	37281463380	aa60e18	2026-10-05T08:05	failure	failure gate run on aa60e18, classified in NOTES/buglog (2026-10-05); superseded by newer gates (fb891fd, dad6597) that carry the same open findings; no open bug/owner decision needs this copy; not certification/release (no C1/Soak run yet, no release)
11332591770	website-check-report	25.3	37281095042	c223d62	2026-10-05T08:01	failure	failure gate run on c223d62, classified in NOTES/buglog (2026-10-05); superseded by newer gates (fb891fd, dad6597) that carry the same open findings; no open bug/owner decision needs this copy; not certification/release (no C1/Soak run yet, no release)
11332467973	website	0.4	37281618983	25ce7cd	2026-10-05T08:06	failure	failure gate run on 25ce7cd, classified in NOTES/buglog (2026-10-05); superseded by newer gates (fb891fd, dad6597) that carry the same open findings; no open bug/owner decision needs this copy; not certification/release (no C1/Soak run yet, no release)
11332357358	website	0.4	37281095042	c223d62	2026-10-05T08:01	failure	failure gate run on c223d62, classified in NOTES/buglog (2026-10-05); superseded by newer gates (fb891fd, dad6597) that carry the same open findings; no open bug/owner decision needs this copy; not certification/release (no C1/Soak run yet, no release)
11332322075	screen-check-report	52.7	37276449433	0fb27e5	2026-10-05T07:12	failure	failure gate run on 0fb27e5, classified in NOTES/buglog (2026-10-05); superseded by newer gates (fb891fd, dad6597) that carry the same open findings; no open bug/owner decision needs this copy; not certification/release (no C1/Soak run yet, no release)
11332209782	screen-check-report	37.9	37278717770	dd2afba	2026-10-05T07:36	failure	failure gate run on dd2afba, classified in NOTES/buglog (2026-10-05); superseded by newer gates (fb891fd, dad6597) that carry the same open findings; no open bug/owner decision needs this copy; not certification/release (no C1/Soak run yet, no release)
11332104258	website	0.4	37282855727	308bf1e	2026-10-05T08:18	failure	failure gate run on 308bf1e, classified in NOTES/buglog (2026-10-05); superseded by newer gates (fb891fd, dad6597) that carry the same open findings; no open bug/owner decision needs this copy; not certification/release (no C1/Soak run yet, no release)
11331959342	website	0.4	37281463380	aa60e18	2026-10-05T08:05	failure	failure gate run on aa60e18, classified in NOTES/buglog (2026-10-05); superseded by newer gates (fb891fd, dad6597) that carry the same open findings; no open bug/owner decision needs this copy; not certification/release (no C1/Soak run yet, no release)
11331403495	screen-check-report	54.0	37275169851	b02f614	2026-10-05T06:58	failure	failure gate run on b02f614, classified in NOTES/buglog (2026-10-05); superseded by newer gates (fb891fd, dad6597) that carry the same open findings; no open bug/owner decision needs this copy; not certification/release (no C1/Soak run yet, no release)
11331236679	website	0.4	37278717770	dd2afba	2026-10-05T07:36	failure	failure gate run on dd2afba, classified in NOTES/buglog (2026-10-05); superseded by newer gates (fb891fd, dad6597) that carry the same open findings; no open bug/owner decision needs this copy; not certification/release (no C1/Soak run yet, no release)
11330934060	screen-check-report	52.7	37274977377	75e82ce	2026-10-05T06:56	failure	failure gate run on 75e82ce, classified in NOTES/buglog (2026-10-05); superseded by newer gates (fb891fd, dad6597) that carry the same open findings; no open bug/owner decision needs this copy; not certification/release (no C1/Soak run yet, no release)
11330350005	website-check-report	25.2	37274977377	75e82ce	2026-10-05T06:56	failure	failure gate run on 75e82ce, classified in NOTES/buglog (2026-10-05); superseded by newer gates (fb891fd, dad6597) that carry the same open findings; no open bug/owner decision needs this copy; not certification/release (no C1/Soak run yet, no release)
11330269815	website-check-report	25.2	37278717770	dd2afba	2026-10-05T07:36	failure	failure gate run on dd2afba, classified in NOTES/buglog (2026-10-05); superseded by newer gates (fb891fd, dad6597) that carry the same open findings; no open bug/owner decision needs this copy; not certification/release (no C1/Soak run yet, no release)
11330153344	website-check-report	25.3	37276449433	0fb27e5	2026-10-05T07:12	failure	failure gate run on 0fb27e5, classified in NOTES/buglog (2026-10-05); superseded by newer gates (fb891fd, dad6597) that carry the same open findings; no open bug/owner decision needs this copy; not certification/release (no C1/Soak run yet, no release)
11330148249	website	0.4	37276449433	0fb27e5	2026-10-05T07:12	failure	failure gate run on 0fb27e5, classified in NOTES/buglog (2026-10-05); superseded by newer gates (fb891fd, dad6597) that carry the same open findings; no open bug/owner decision needs this copy; not certification/release (no C1/Soak run yet, no release)
11330045365	screen-check-report	53.1	37270270719	a80a797	2026-10-05T06:00	failure	failure gate run on a80a797, classified in NOTES/buglog (2026-10-05); superseded by newer gates (fb891fd, dad6597) that carry the same open findings; no open bug/owner decision needs this copy; not certification/release (no C1/Soak run yet, no release)
11329981287	website	0.4	37274977377	75e82ce	2026-10-05T06:56	failure	failure gate run on 75e82ce, classified in NOTES/buglog (2026-10-05); superseded by newer gates (fb891fd, dad6597) that carry the same open findings; no open bug/owner decision needs this copy; not certification/release (no C1/Soak run yet, no release)
11329980128	screen-check-report	52.7	37270007437	6a6ba0b	2026-10-05T05:56	failure	failure gate run on 6a6ba0b, classified in NOTES/buglog (2026-10-05); superseded by newer gates (fb891fd, dad6597) that carry the same open findings; no open bug/owner decision needs this copy; not certification/release (no C1/Soak run yet, no release)
11329728562	screen-check-report	52.7	37270196413	f75f162	2026-10-05T05:59	failure	failure gate run on f75f162, classified in NOTES/buglog (2026-10-05); superseded by newer gates (fb891fd, dad6597) that carry the same open findings; no open bug/owner decision needs this copy; not certification/release (no C1/Soak run yet, no release)
11329069077	website-check-report	25.2	37275169851	b02f614	2026-10-05T06:58	failure	failure gate run on b02f614, classified in NOTES/buglog (2026-10-05); superseded by newer gates (fb891fd, dad6597) that carry the same open findings; no open bug/owner decision needs this copy; not certification/release (no C1/Soak run yet, no release)
11328769169	screen-check-report	52.7	37270318287	fc0714a	2026-10-05T06:00	failure	failure gate run on fc0714a, classified in NOTES/buglog (2026-10-05); superseded by newer gates (fb891fd, dad6597) that carry the same open findings; no open bug/owner decision needs this copy; not certification/release (no C1/Soak run yet, no release)
11328763172	screen-check-report	52.0	37269135408	2a143f9	2026-10-05T05:44	failure	failure gate run on 2a143f9, classified in NOTES/buglog (2026-10-05); superseded by newer gates (fb891fd, dad6597) that carry the same open findings; no open bug/owner decision needs this copy; not certification/release (no C1/Soak run yet, no release)
11328744937	website	0.4	37275169851	b02f614	2026-10-05T06:58	failure	failure gate run on b02f614, classified in NOTES/buglog (2026-10-05); superseded by newer gates (fb891fd, dad6597) that carry the same open findings; no open bug/owner decision needs this copy; not certification/release (no C1/Soak run yet, no release)
11328644975	screen-check-report	52.0	37269125965	6c8a968	2026-10-05T05:44	failure	failure gate run on 6c8a968, classified in NOTES/buglog (2026-10-05); superseded by newer gates (fb891fd, dad6597) that carry the same open findings; no open bug/owner decision needs this copy; not certification/release (no C1/Soak run yet, no release)
11328516085	website	0.4	37270270719	a80a797	2026-10-05T06:00	failure	failure gate run on a80a797, classified in NOTES/buglog (2026-10-05); superseded by newer gates (fb891fd, dad6597) that carry the same open findings; no open bug/owner decision needs this copy; not certification/release (no C1/Soak run yet, no release)
11328460945	website-check-report	25.2	37270007437	6a6ba0b	2026-10-05T05:56	failure	failure gate run on 6a6ba0b, classified in NOTES/buglog (2026-10-05); superseded by newer gates (fb891fd, dad6597) that carry the same open findings; no open bug/owner decision needs this copy; not certification/release (no C1/Soak run yet, no release)
11328247188	website-check-report	25.3	37270270719	a80a797	2026-10-05T06:00	failure	failure gate run on a80a797, classified in NOTES/buglog (2026-10-05); superseded by newer gates (fb891fd, dad6597) that carry the same open findings; no open bug/owner decision needs this copy; not certification/release (no C1/Soak run yet, no release)
11328175166	website-check-report	25.2	37269135408	2a143f9	2026-10-05T05:44	failure	failure gate run on 2a143f9, classified in NOTES/buglog (2026-10-05); superseded by newer gates (fb891fd, dad6597) that carry the same open findings; no open bug/owner decision needs this copy; not certification/release (no C1/Soak run yet, no release)
11328157329	website-check-report	25.2	37270318287	fc0714a	2026-10-05T06:00	failure	failure gate run on fc0714a, classified in NOTES/buglog (2026-10-05); superseded by newer gates (fb891fd, dad6597) that carry the same open findings; no open bug/owner decision needs this copy; not certification/release (no C1/Soak run yet, no release)
11328013131	screen-check-report	53.3	37266761845	6e4e48b	2026-10-05T05:12	failure	failure gate run on 6e4e48b, classified in NOTES/buglog (2026-10-05); superseded by newer gates (fb891fd, dad6597) that carry the same open findings; no open bug/owner decision needs this copy; not certification/release (no C1/Soak run yet, no release)
11327997700	website	0.4	37270196413	f75f162	2026-10-05T05:59	failure	failure gate run on f75f162, classified in NOTES/buglog (2026-10-05); superseded by newer gates (fb891fd, dad6597) that carry the same open findings; no open bug/owner decision needs this copy; not certification/release (no C1/Soak run yet, no release)
11327972871	website-check-report	25.3	37270196413	f75f162	2026-10-05T05:59	failure	failure gate run on f75f162, classified in NOTES/buglog (2026-10-05); superseded by newer gates (fb891fd, dad6597) that carry the same open findings; no open bug/owner decision needs this copy; not certification/release (no C1/Soak run yet, no release)
11327942523	website	0.4	37270007437	6a6ba0b	2026-10-05T05:56	failure	failure gate run on 6a6ba0b, classified in NOTES/buglog (2026-10-05); superseded by newer gates (fb891fd, dad6597) that carry the same open findings; no open bug/owner decision needs this copy; not certification/release (no C1/Soak run yet, no release)
11327906773	screen-check-report	52.0	37266450186	cd5ce98	2026-10-05T05:08	failure	failure gate run on cd5ce98, classified in NOTES/buglog (2026-10-05); superseded by newer gates (fb891fd, dad6597) that carry the same open findings; no open bug/owner decision needs this copy; not certification/release (no C1/Soak run yet, no release)
11327602252	website	0.4	37269135408	2a143f9	2026-10-05T05:44	failure	failure gate run on 2a143f9, classified in NOTES/buglog (2026-10-05); superseded by newer gates (fb891fd, dad6597) that carry the same open findings; no open bug/owner decision needs this copy; not certification/release (no C1/Soak run yet, no release)
11327554517	website	0.4	37270318287	fc0714a	2026-10-05T06:00	failure	failure gate run on fc0714a, classified in NOTES/buglog (2026-10-05); superseded by newer gates (fb891fd, dad6597) that carry the same open findings; no open bug/owner decision needs this copy; not certification/release (no C1/Soak run yet, no release)
11327174594	website	0.4	37269125965	6c8a968	2026-10-05T05:44	failure	failure gate run on 6c8a968, classified in NOTES/buglog (2026-10-05); superseded by newer gates (fb891fd, dad6597) that carry the same open findings; no open bug/owner decision needs this copy; not certification/release (no C1/Soak run yet, no release)
11327154714	website-check-report	25.2	37269125965	6c8a968	2026-10-05T05:44	failure	failure gate run on 6c8a968, classified in NOTES/buglog (2026-10-05); superseded by newer gates (fb891fd, dad6597) that carry the same open findings; no open bug/owner decision needs this copy; not certification/release (no C1/Soak run yet, no release)
11327020402	website-check-report	25.3	37266450186	cd5ce98	2026-10-05T05:08	failure	failure gate run on cd5ce98, classified in NOTES/buglog (2026-10-05); superseded by newer gates (fb891fd, dad6597) that carry the same open findings; no open bug/owner decision needs this copy; not certification/release (no C1/Soak run yet, no release)
11327000368	website	0.4	37266450186	cd5ce98	2026-10-05T05:08	failure	failure gate run on cd5ce98, classified in NOTES/buglog (2026-10-05); superseded by newer gates (fb891fd, dad6597) that carry the same open findings; no open bug/owner decision needs this copy; not certification/release (no C1/Soak run yet, no release)
11326552722	website	0.4	37266761845	6e4e48b	2026-10-05T05:12	failure	failure gate run on 6e4e48b, classified in NOTES/buglog (2026-10-05); superseded by newer gates (fb891fd, dad6597) that carry the same open findings; no open bug/owner decision needs this copy; not certification/release (no C1/Soak run yet, no release)
11326163080	website	0.4	37265522490	8d4c740	2026-10-05T04:54	failure	failure gate run on 8d4c740, classified in NOTES/buglog (2026-10-05); superseded by newer gates (fb891fd, dad6597) that carry the same open findings; no open bug/owner decision needs this copy; not certification/release (no C1/Soak run yet, no release)
11325783798	website-check-report	25.3	37265522490	8d4c740	2026-10-05T04:54	failure	failure gate run on 8d4c740, classified in NOTES/buglog (2026-10-05); superseded by newer gates (fb891fd, dad6597) that carry the same open findings; no open bug/owner decision needs this copy; not certification/release (no C1/Soak run yet, no release)
11325679307	website-check-report	25.3	37266761845	6e4e48b	2026-10-05T05:12	failure	failure gate run on 6e4e48b, classified in NOTES/buglog (2026-10-05); superseded by newer gates (fb891fd, dad6597) that carry the same open findings; no open bug/owner decision needs this copy; not certification/release (no C1/Soak run yet, no release)
11325536923	screen-check-report	24.3	37261703445	4b02618	2026-10-05T04:00	failure	failure gate run on 4b02618, classified in NOTES/buglog (2026-10-05); superseded by newer gates (fb891fd, dad6597) that carry the same open findings; no open bug/owner decision needs this copy; not certification/release (no C1/Soak run yet, no release)
11325356343	website-check-report	25.2	37261703445	4b02618	2026-10-05T04:00	failure	failure gate run on 4b02618, classified in NOTES/buglog (2026-10-05); superseded by newer gates (fb891fd, dad6597) that carry the same open findings; no open bug/owner decision needs this copy; not certification/release (no C1/Soak run yet, no release)
11325318636	screen-check-report	22.8	37261121256	860e68a	2026-10-05T03:52	failure	failure gate run on 860e68a, classified in NOTES/buglog (2026-10-05); superseded by newer gates (fb891fd, dad6597) that carry the same open findings; no open bug/owner decision needs this copy; not certification/release (no C1/Soak run yet, no release)
11325191854	website	0.4	37261703445	4b02618	2026-10-05T04:00	failure	failure gate run on 4b02618, classified in NOTES/buglog (2026-10-05); superseded by newer gates (fb891fd, dad6597) that carry the same open findings; no open bug/owner decision needs this copy; not certification/release (no C1/Soak run yet, no release)
11325136063	website-check-report	25.2	37261121256	860e68a	2026-10-05T03:52	failure	failure gate run on 860e68a, classified in NOTES/buglog (2026-10-05); superseded by newer gates (fb891fd, dad6597) that carry the same open findings; no open bug/owner decision needs this copy; not certification/release (no C1/Soak run yet, no release)
11324887180	screen-check-report	22.8	37259634552	226f79c	2026-10-05T03:29	failure	failure gate run on 226f79c, classified in NOTES/buglog (2026-10-05); superseded by newer gates (fb891fd, dad6597) that carry the same open findings; no open bug/owner decision needs this copy; not certification/release (no C1/Soak run yet, no release)
11324447648	website	0.4	37261121256	860e68a	2026-10-05T03:52	failure	failure gate run on 860e68a, classified in NOTES/buglog (2026-10-05); superseded by newer gates (fb891fd, dad6597) that carry the same open findings; no open bug/owner decision needs this copy; not certification/release (no C1/Soak run yet, no release)
11323768913	website-check-report	25.3	37259634552	226f79c	2026-10-05T03:29	failure	failure gate run on 226f79c, classified in NOTES/buglog (2026-10-05); superseded by newer gates (fb891fd, dad6597) that carry the same open findings; no open bug/owner decision needs this copy; not certification/release (no C1/Soak run yet, no release)
11323594827	website	0.4	37259634552	226f79c	2026-10-05T03:29	failure	failure gate run on 226f79c, classified in NOTES/buglog (2026-10-05); superseded by newer gates (fb891fd, dad6597) that carry the same open findings; no open bug/owner decision needs this copy; not certification/release (no C1/Soak run yet, no release)
11323515333	screen-check-report	22.8	37255090945	dd5b48a	2026-10-05T02:21	failure	failure gate run on dd5b48a, classified in NOTES/buglog (2026-10-05); superseded by newer gates (fb891fd, dad6597) that carry the same open findings; no open bug/owner decision needs this copy; not certification/release (no C1/Soak run yet, no release)
11321893482	website	0.4	37255090945	dd5b48a	2026-10-05T02:21	failure	failure gate run on dd5b48a, classified in NOTES/buglog (2026-10-05); superseded by newer gates (fb891fd, dad6597) that carry the same open findings; no open bug/owner decision needs this copy; not certification/release (no C1/Soak run yet, no release)
11321673880	website-check-report	25.3	37255090945	dd5b48a	2026-10-05T02:21	failure	failure gate run on dd5b48a, classified in NOTES/buglog (2026-10-05); superseded by newer gates (fb891fd, dad6597) that carry the same open findings; no open bug/owner decision needs this copy; not certification/release (no C1/Soak run yet, no release)
11319828080	screen-check-report	21.3	37246368482	10584b7	2026-10-05T00:09	failure	failure gate run on 10584b7, classified in NOTES/buglog (2026-10-05); superseded by newer gates (fb891fd, dad6597) that carry the same open findings; no open bug/owner decision needs this copy; not certification/release (no C1/Soak run yet, no release)
11319546236	website-check-report	25.3	37246368482	10584b7	2026-10-05T00:09	failure	failure gate run on 10584b7, classified in NOTES/buglog (2026-10-05); superseded by newer gates (fb891fd, dad6597) that carry the same open findings; no open bug/owner decision needs this copy; not certification/release (no C1/Soak run yet, no release)
11319496302	website	0.4	37246368482	10584b7	2026-10-05T00:09	failure	failure gate run on 10584b7, classified in NOTES/buglog (2026-10-05); superseded by newer gates (fb891fd, dad6597) that carry the same open findings; no open bug/owner decision needs this copy; not certification/release (no C1/Soak run yet, no release)
11317012113	screen-check-report	26.7	37238299936	c5d8406	2026-10-04T22:00	failure	failure gate run on c5d8406, classified in NOTES/buglog (2026-10-04); superseded by newer gates (fb891fd, dad6597) that carry the same open findings; no open bug/owner decision needs this copy; not certification/release (no C1/Soak run yet, no release)
11316652019	website	0.4	37238299936	c5d8406	2026-10-04T22:00	failure	failure gate run on c5d8406, classified in NOTES/buglog (2026-10-04); superseded by newer gates (fb891fd, dad6597) that carry the same open findings; no open bug/owner decision needs this copy; not certification/release (no C1/Soak run yet, no release)
11316637039	website-check-report	25.3	37238299936	c5d8406	2026-10-04T22:00	failure	failure gate run on c5d8406, classified in NOTES/buglog (2026-10-04); superseded by newer gates (fb891fd, dad6597) that carry the same open findings; no open bug/owner decision needs this copy; not certification/release (no C1/Soak run yet, no release)
11316254302	screen-check-report	26.3	37237164692	395c375	2026-10-04T21:42	failure	failure gate run on 395c375, classified in NOTES/buglog (2026-10-04); superseded by newer gates (fb891fd, dad6597) that carry the same open findings; no open bug/owner decision needs this copy; not certification/release (no C1/Soak run yet, no release)
11315837273	website	0.4	37237164692	395c375	2026-10-04T21:42	failure	failure gate run on 395c375, classified in NOTES/buglog (2026-10-04); superseded by newer gates (fb891fd, dad6597) that carry the same open findings; no open bug/owner decision needs this copy; not certification/release (no C1/Soak run yet, no release)
11315697654	website-check-report	25.3	37237164692	395c375	2026-10-04T21:42	failure	failure gate run on 395c375, classified in NOTES/buglog (2026-10-04); superseded by newer gates (fb891fd, dad6597) that carry the same open findings; no open bug/owner decision needs this copy; not certification/release (no C1/Soak run yet, no release)
11315276344	screen-check-report	27.8	37232650490	077a586	2026-10-04T20:34	failure	failure gate run on 077a586, classified in NOTES/buglog (2026-10-04); superseded by newer gates (fb891fd, dad6597) that carry the same open findings; no open bug/owner decision needs this copy; not certification/release (no C1/Soak run yet, no release)
11315142131	screen-check-report	27.5	37232884767	3b9cabf	2026-10-04T20:38	failure	failure gate run on 3b9cabf, classified in NOTES/buglog (2026-10-04); superseded by newer gates (fb891fd, dad6597) that carry the same open findings; no open bug/owner decision needs this copy; not certification/release (no C1/Soak run yet, no release)
11314885597	screen-check-report	25.1	37231572477	019db6c	2026-10-04T20:18	failure	failure gate run on 019db6c, classified in NOTES/buglog (2026-10-04); superseded by newer gates (fb891fd, dad6597) that carry the same open findings; no open bug/owner decision needs this copy; not certification/release (no C1/Soak run yet, no release)
11314746120	website-check-report	25.3	37232884767	3b9cabf	2026-10-04T20:38	failure	failure gate run on 3b9cabf, classified in NOTES/buglog (2026-10-04); superseded by newer gates (fb891fd, dad6597) that carry the same open findings; no open bug/owner decision needs this copy; not certification/release (no C1/Soak run yet, no release)
11314555424	website	0.4	37231572477	019db6c	2026-10-04T20:18	failure	failure gate run on 019db6c, classified in NOTES/buglog (2026-10-04); superseded by newer gates (fb891fd, dad6597) that carry the same open findings; no open bug/owner decision needs this copy; not certification/release (no C1/Soak run yet, no release)
11314528456	website	0.4	37232884767	3b9cabf	2026-10-04T20:38	failure	failure gate run on 3b9cabf, classified in NOTES/buglog (2026-10-04); superseded by newer gates (fb891fd, dad6597) that carry the same open findings; no open bug/owner decision needs this copy; not certification/release (no C1/Soak run yet, no release)
11314328301	website-check-report	25.3	37232650490	077a586	2026-10-04T20:34	failure	failure gate run on 077a586, classified in NOTES/buglog (2026-10-04); superseded by newer gates (fb891fd, dad6597) that carry the same open findings; no open bug/owner decision needs this copy; not certification/release (no C1/Soak run yet, no release)
11314176031	website-check-report	25.2	37231572477	019db6c	2026-10-04T20:18	failure	failure gate run on 019db6c, classified in NOTES/buglog (2026-10-04); superseded by newer gates (fb891fd, dad6597) that carry the same open findings; no open bug/owner decision needs this copy; not certification/release (no C1/Soak run yet, no release)
11313915114	screen-check-report	22.9	37229665951	c942f6f	2026-10-04T19:48	failure	failure gate run on c942f6f, classified in NOTES/buglog (2026-10-04); superseded by newer gates (fb891fd, dad6597) that carry the same open findings; no open bug/owner decision needs this copy; not certification/release (no C1/Soak run yet, no release)
11313854322	website	0.4	37232650490	077a586	2026-10-04T20:34	failure	failure gate run on 077a586, classified in NOTES/buglog (2026-10-04); superseded by newer gates (fb891fd, dad6597) that carry the same open findings; no open bug/owner decision needs this copy; not certification/release (no C1/Soak run yet, no release)
11313775205	website-check-report	25.3	37230184048	a8342ee	2026-10-04T19:56	failure	failure gate run on a8342ee, classified in NOTES/buglog (2026-10-04); superseded by newer gates (fb891fd, dad6597) that carry the same open findings; no open bug/owner decision needs this copy; not certification/release (no C1/Soak run yet, no release)
11313745730	screen-check-report	22.8	37229792739	f7b9dfa	2026-10-04T19:50	failure	failure gate run on f7b9dfa, classified in NOTES/buglog (2026-10-04); superseded by newer gates (fb891fd, dad6597) that carry the same open findings; no open bug/owner decision needs this copy; not certification/release (no C1/Soak run yet, no release)
11313740802	screen-check-report	22.7	37230184048	a8342ee	2026-10-04T19:56	failure	failure gate run on a8342ee, classified in NOTES/buglog (2026-10-04); superseded by newer gates (fb891fd, dad6597) that carry the same open findings; no open bug/owner decision needs this copy; not certification/release (no C1/Soak run yet, no release)
11313602245	screen-check-report	22.8	37230279952	aba449d	2026-10-04T19:58	failure	failure gate run on aba449d, classified in NOTES/buglog (2026-10-04); superseded by newer gates (fb891fd, dad6597) that carry the same open findings; no open bug/owner decision needs this copy; not certification/release (no C1/Soak run yet, no release)
11313541769	website	0.4	37230279952	aba449d	2026-10-04T19:58	failure	failure gate run on aba449d, classified in NOTES/buglog (2026-10-04); superseded by newer gates (fb891fd, dad6597) that carry the same open findings; no open bug/owner decision needs this copy; not certification/release (no C1/Soak run yet, no release)
11313517254	website-check-report	25.3	37230279952	aba449d	2026-10-04T19:58	failure	failure gate run on aba449d, classified in NOTES/buglog (2026-10-04); superseded by newer gates (fb891fd, dad6597) that carry the same open findings; no open bug/owner decision needs this copy; not certification/release (no C1/Soak run yet, no release)
11313482569	screen-check-report	22.9	37229025325	931c81f	2026-10-04T19:38	failure	failure gate run on 931c81f, classified in NOTES/buglog (2026-10-04); superseded by newer gates (fb891fd, dad6597) that carry the same open findings; no open bug/owner decision needs this copy; not certification/release (no C1/Soak run yet, no release)
11313469306	screen-check-report	22.8	37230028582	d7a2e79	2026-10-04T19:54	failure	failure gate run on d7a2e79, classified in NOTES/buglog (2026-10-04); superseded by newer gates (fb891fd, dad6597) that carry the same open findings; no open bug/owner decision needs this copy; not certification/release (no C1/Soak run yet, no release)
11313457257	screen-check-report	22.9	37228761511	2275c20	2026-10-04T19:34	failure	failure gate run on 2275c20, classified in NOTES/buglog (2026-10-04); superseded by newer gates (fb891fd, dad6597) that carry the same open findings; no open bug/owner decision needs this copy; not certification/release (no C1/Soak run yet, no release)
11313446750	website-check-report	25.2	37229025325	931c81f	2026-10-04T19:38	failure	failure gate run on 931c81f, classified in NOTES/buglog (2026-10-04); superseded by newer gates (fb891fd, dad6597) that carry the same open findings; no open bug/owner decision needs this copy; not certification/release (no C1/Soak run yet, no release)
11313443423	screen-check-report	22.8	37229304695	391c811	2026-10-04T19:42	failure	failure gate run on 391c811, classified in NOTES/buglog (2026-10-04); superseded by newer gates (fb891fd, dad6597) that carry the same open findings; no open bug/owner decision needs this copy; not certification/release (no C1/Soak run yet, no release)
11313386606	website-check-report	25.3	37228761511	2275c20	2026-10-04T19:34	failure	failure gate run on 2275c20, classified in NOTES/buglog (2026-10-04); superseded by newer gates (fb891fd, dad6597) that carry the same open findings; no open bug/owner decision needs this copy; not certification/release (no C1/Soak run yet, no release)
11313361791	website-check-report	25.3	37228815958	cffc71a	2026-10-04T19:34	failure	failure gate run on cffc71a, classified in NOTES/buglog (2026-10-04); superseded by newer gates (fb891fd, dad6597) that carry the same open findings; no open bug/owner decision needs this copy; not certification/release (no C1/Soak run yet, no release)
11313326940	website	0.4	37228815958	cffc71a	2026-10-04T19:34	failure	failure gate run on cffc71a, classified in NOTES/buglog (2026-10-04); superseded by newer gates (fb891fd, dad6597) that carry the same open findings; no open bug/owner decision needs this copy; not certification/release (no C1/Soak run yet, no release)
11313323881	website-check-report	25.3	37229930898	56bdcde	2026-10-04T19:52	failure	failure gate run on 56bdcde, classified in NOTES/buglog (2026-10-04); superseded by newer gates (fb891fd, dad6597) that carry the same open findings; no open bug/owner decision needs this copy; not certification/release (no C1/Soak run yet, no release)
11313263431	website	0.4	37229665951	c942f6f	2026-10-04T19:48	failure	failure gate run on c942f6f, classified in NOTES/buglog (2026-10-04); superseded by newer gates (fb891fd, dad6597) that carry the same open findings; no open bug/owner decision needs this copy; not certification/release (no C1/Soak run yet, no release)
11313232078	website	0.4	37228761511	2275c20	2026-10-04T19:34	failure	failure gate run on 2275c20, classified in NOTES/buglog (2026-10-04); superseded by newer gates (fb891fd, dad6597) that carry the same open findings; no open bug/owner decision needs this copy; not certification/release (no C1/Soak run yet, no release)
11313149669	website	0.4	37230028582	d7a2e79	2026-10-04T19:54	failure	failure gate run on d7a2e79, classified in NOTES/buglog (2026-10-04); superseded by newer gates (fb891fd, dad6597) that carry the same open findings; no open bug/owner decision needs this copy; not certification/release (no C1/Soak run yet, no release)
11313139576	website-check-report	25.3	37230028582	d7a2e79	2026-10-04T19:54	failure	failure gate run on d7a2e79, classified in NOTES/buglog (2026-10-04); superseded by newer gates (fb891fd, dad6597) that carry the same open findings; no open bug/owner decision needs this copy; not certification/release (no C1/Soak run yet, no release)
11313101720	screen-check-report	22.9	37227662380	644a655	2026-10-04T19:16	failure	failure gate run on 644a655, classified in NOTES/buglog (2026-10-04); superseded by newer gates (fb891fd, dad6597) that carry the same open findings; no open bug/owner decision needs this copy; not certification/release (no C1/Soak run yet, no release)
11313098212	website	0.4	37229163915	52bd86f	2026-10-04T19:40	failure	failure gate run on 52bd86f, classified in NOTES/buglog (2026-10-04); superseded by newer gates (fb891fd, dad6597) that carry the same open findings; no open bug/owner decision needs this copy; not certification/release (no C1/Soak run yet, no release)
11313049625	website	0.4	37229930898	56bdcde	2026-10-04T19:52	failure	failure gate run on 56bdcde, classified in NOTES/buglog (2026-10-04); superseded by newer gates (fb891fd, dad6597) that carry the same open findings; no open bug/owner decision needs this copy; not certification/release (no C1/Soak run yet, no release)
11313014938	website	0.4	37230184048	a8342ee	2026-10-04T19:56	failure	failure gate run on a8342ee, classified in NOTES/buglog (2026-10-04); superseded by newer gates (fb891fd, dad6597) that carry the same open findings; no open bug/owner decision needs this copy; not certification/release (no C1/Soak run yet, no release)
11313000807	website	0.4	37227662380	644a655	2026-10-04T19:16	failure	failure gate run on 644a655, classified in NOTES/buglog (2026-10-04); superseded by newer gates (fb891fd, dad6597) that carry the same open findings; no open bug/owner decision needs this copy; not certification/release (no C1/Soak run yet, no release)
11312974246	website-check-report	25.2	37229665951	c942f6f	2026-10-04T19:48	failure	failure gate run on c942f6f, classified in NOTES/buglog (2026-10-04); superseded by newer gates (fb891fd, dad6597) that carry the same open findings; no open bug/owner decision needs this copy; not certification/release (no C1/Soak run yet, no release)
11312963893	screen-check-report	22.9	37228815958	cffc71a	2026-10-04T19:34	failure	failure gate run on cffc71a, classified in NOTES/buglog (2026-10-04); superseded by newer gates (fb891fd, dad6597) that carry the same open findings; no open bug/owner decision needs this copy; not certification/release (no C1/Soak run yet, no release)
11312927453	website	0.4	37229304695	391c811	2026-10-04T19:42	failure	failure gate run on 391c811, classified in NOTES/buglog (2026-10-04); superseded by newer gates (fb891fd, dad6597) that carry the same open findings; no open bug/owner decision needs this copy; not certification/release (no C1/Soak run yet, no release)
11312923072	website	0.4	37229792739	f7b9dfa	2026-10-04T19:50	failure	failure gate run on f7b9dfa, classified in NOTES/buglog (2026-10-04); superseded by newer gates (fb891fd, dad6597) that carry the same open findings; no open bug/owner decision needs this copy; not certification/release (no C1/Soak run yet, no release)
11312900986	website-check-report	25.3	37227662380	644a655	2026-10-04T19:16	failure	failure gate run on 644a655, classified in NOTES/buglog (2026-10-04); superseded by newer gates (fb891fd, dad6597) that carry the same open findings; no open bug/owner decision needs this copy; not certification/release (no C1/Soak run yet, no release)
11312835683	screen-check-report	22.9	37227123190	808d95d	2026-10-04T19:08	failure	failure gate run on 808d95d, classified in NOTES/buglog (2026-10-04); superseded by newer gates (fb891fd, dad6597) that carry the same open findings; no open bug/owner decision needs this copy; not certification/release (no C1/Soak run yet, no release)
11312769197	screen-check-report	22.8	37229930898	56bdcde	2026-10-04T19:52	failure	failure gate run on 56bdcde, classified in NOTES/buglog (2026-10-04); superseded by newer gates (fb891fd, dad6597) that carry the same open findings; no open bug/owner decision needs this copy; not certification/release (no C1/Soak run yet, no release)
11312599074	website	0.4	37229025325	931c81f	2026-10-04T19:38	failure	failure gate run on 931c81f, classified in NOTES/buglog (2026-10-04); superseded by newer gates (fb891fd, dad6597) that carry the same open findings; no open bug/owner decision needs this copy; not certification/release (no C1/Soak run yet, no release)
11312573166	website-check-report	25.2	37229304695	391c811	2026-10-04T19:42	failure	failure gate run on 391c811, classified in NOTES/buglog (2026-10-04); superseded by newer gates (fb891fd, dad6597) that carry the same open findings; no open bug/owner decision needs this copy; not certification/release (no C1/Soak run yet, no release)
11312529851	website-check-report	25.3	37229163915	52bd86f	2026-10-04T19:40	failure	failure gate run on 52bd86f, classified in NOTES/buglog (2026-10-04); superseded by newer gates (fb891fd, dad6597) that carry the same open findings; no open bug/owner decision needs this copy; not certification/release (no C1/Soak run yet, no release)
11312503962	screen-check-report	22.9	37229163915	52bd86f	2026-10-04T19:40	failure	failure gate run on 52bd86f, classified in NOTES/buglog (2026-10-04); superseded by newer gates (fb891fd, dad6597) that carry the same open findings; no open bug/owner decision needs this copy; not certification/release (no C1/Soak run yet, no release)
11312474047	website-check-report	25.3	37229792739	f7b9dfa	2026-10-04T19:50	failure	failure gate run on f7b9dfa, classified in NOTES/buglog (2026-10-04); superseded by newer gates (fb891fd, dad6597) that carry the same open findings; no open bug/owner decision needs this copy; not certification/release (no C1/Soak run yet, no release)
11312203811	website-check-report	25.3	37227123190	808d95d	2026-10-04T19:08	failure	failure gate run on 808d95d, classified in NOTES/buglog (2026-10-04); superseded by newer gates (fb891fd, dad6597) that carry the same open findings; no open bug/owner decision needs this copy; not certification/release (no C1/Soak run yet, no release)
11312182252	website	0.4	37226154126	897bd8a	2026-10-04T18:53	failure	failure gate run on 897bd8a, classified in NOTES/buglog (2026-10-04); superseded by newer gates (fb891fd, dad6597) that carry the same open findings; no open bug/owner decision needs this copy; not certification/release (no C1/Soak run yet, no release)
11312160656	website	0.4	37225107745	8de05d7	2026-10-04T18:36	failure	failure gate run on 8de05d7, classified in NOTES/buglog (2026-10-04); superseded by newer gates (fb891fd, dad6597) that carry the same open findings; no open bug/owner decision needs this copy; not certification/release (no C1/Soak run yet, no release)
11312135680	website-check-report	25.2	37225107745	8de05d7	2026-10-04T18:36	failure	failure gate run on 8de05d7, classified in NOTES/buglog (2026-10-04); superseded by newer gates (fb891fd, dad6597) that carry the same open findings; no open bug/owner decision needs this copy; not certification/release (no C1/Soak run yet, no release)
11312131487	website-check-report	25.2	37225553218	e3669f3	2026-10-04T18:43	failure	failure gate run on e3669f3, classified in NOTES/buglog (2026-10-04); superseded by newer gates (fb891fd, dad6597) that carry the same open findings; no open bug/owner decision needs this copy; not certification/release (no C1/Soak run yet, no release)
11312044375	website	0.4	37227123190	808d95d	2026-10-04T19:08	failure	failure gate run on 808d95d, classified in NOTES/buglog (2026-10-04); superseded by newer gates (fb891fd, dad6597) that carry the same open findings; no open bug/owner decision needs this copy; not certification/release (no C1/Soak run yet, no release)
11312037722	screen-check-report	22.8	37225553218	e3669f3	2026-10-04T18:43	failure	failure gate run on e3669f3, classified in NOTES/buglog (2026-10-04); superseded by newer gates (fb891fd, dad6597) that carry the same open findings; no open bug/owner decision needs this copy; not certification/release (no C1/Soak run yet, no release)
11311962351	screen-check-report	22.8	37225107745	8de05d7	2026-10-04T18:36	failure	failure gate run on 8de05d7, classified in NOTES/buglog (2026-10-04); superseded by newer gates (fb891fd, dad6597) that carry the same open findings; no open bug/owner decision needs this copy; not certification/release (no C1/Soak run yet, no release)
11311938907	screen-check-report	22.9	37226154126	897bd8a	2026-10-04T18:53	failure	failure gate run on 897bd8a, classified in NOTES/buglog (2026-10-04); superseded by newer gates (fb891fd, dad6597) that carry the same open findings; no open bug/owner decision needs this copy; not certification/release (no C1/Soak run yet, no release)
11311926131	screen-check-report	22.9	37224275027	8fc666e	2026-10-04T18:23	failure	failure gate run on 8fc666e, classified in NOTES/buglog (2026-10-04); superseded by newer gates (fb891fd, dad6597) that carry the same open findings; no open bug/owner decision needs this copy; not certification/release (no C1/Soak run yet, no release)
11311737549	website	0.4	37225553218	e3669f3	2026-10-04T18:43	failure	failure gate run on e3669f3, classified in NOTES/buglog (2026-10-04); superseded by newer gates (fb891fd, dad6597) that carry the same open findings; no open bug/owner decision needs this copy; not certification/release (no C1/Soak run yet, no release)
11311683867	website-check-report	25.3	37226154126	897bd8a	2026-10-04T18:53	failure	failure gate run on 897bd8a, classified in NOTES/buglog (2026-10-04); superseded by newer gates (fb891fd, dad6597) that carry the same open findings; no open bug/owner decision needs this copy; not certification/release (no C1/Soak run yet, no release)
11311501414	screen-check-report	22.8	37223342012	ee3e4d8	2026-10-04T18:10	failure	failure gate run on ee3e4d8, classified in NOTES/buglog (2026-10-04); superseded by newer gates (fb891fd, dad6597) that carry the same open findings; no open bug/owner decision needs this copy; not certification/release (no C1/Soak run yet, no release)
11311393472	screen-check-report	22.8	37223948429	dfbcf67	2026-10-04T18:18	failure	failure gate run on dfbcf67, classified in NOTES/buglog (2026-10-04); superseded by newer gates (fb891fd, dad6597) that carry the same open findings; no open bug/owner decision needs this copy; not certification/release (no C1/Soak run yet, no release)
11311283323	website-check-report	25.3	37224275027	8fc666e	2026-10-04T18:23	failure	failure gate run on 8fc666e, classified in NOTES/buglog (2026-10-04); superseded by newer gates (fb891fd, dad6597) that carry the same open findings; no open bug/owner decision needs this copy; not certification/release (no C1/Soak run yet, no release)
11311107466	website	0.4	37223342012	ee3e4d8	2026-10-04T18:10	failure	failure gate run on ee3e4d8, classified in NOTES/buglog (2026-10-04); superseded by newer gates (fb891fd, dad6597) that carry the same open findings; no open bug/owner decision needs this copy; not certification/release (no C1/Soak run yet, no release)
11311072138	website	0.4	37223948429	dfbcf67	2026-10-04T18:18	failure	failure gate run on dfbcf67, classified in NOTES/buglog (2026-10-04); superseded by newer gates (fb891fd, dad6597) that carry the same open findings; no open bug/owner decision needs this copy; not certification/release (no C1/Soak run yet, no release)
11311052321	website-check-report	25.3	37223948429	dfbcf67	2026-10-04T18:18	failure	failure gate run on dfbcf67, classified in NOTES/buglog (2026-10-04); superseded by newer gates (fb891fd, dad6597) that carry the same open findings; no open bug/owner decision needs this copy; not certification/release (no C1/Soak run yet, no release)
11310914394	website	0.4	37224275027	8fc666e	2026-10-04T18:23	failure	failure gate run on 8fc666e, classified in NOTES/buglog (2026-10-04); superseded by newer gates (fb891fd, dad6597) that carry the same open findings; no open bug/owner decision needs this copy; not certification/release (no C1/Soak run yet, no release)
11310846319	website-check-report	25.3	37222817544	0585f55	2026-10-04T18:02	failure	failure gate run on 0585f55, classified in NOTES/buglog (2026-10-04); superseded by newer gates (fb891fd, dad6597) that carry the same open findings; no open bug/owner decision needs this copy; not certification/release (no C1/Soak run yet, no release)
11310823170	website-check-report	25.2	37223342012	ee3e4d8	2026-10-04T18:10	failure	failure gate run on ee3e4d8, classified in NOTES/buglog (2026-10-04); superseded by newer gates (fb891fd, dad6597) that carry the same open findings; no open bug/owner decision needs this copy; not certification/release (no C1/Soak run yet, no release)
11310529118	screen-check-report	22.9	37222817544	0585f55	2026-10-04T18:02	failure	failure gate run on 0585f55, classified in NOTES/buglog (2026-10-04); superseded by newer gates (fb891fd, dad6597) that carry the same open findings; no open bug/owner decision needs this copy; not certification/release (no C1/Soak run yet, no release)
11310099755	website	0.4	37222817544	0585f55	2026-10-04T18:02	failure	failure gate run on 0585f55, classified in NOTES/buglog (2026-10-04); superseded by newer gates (fb891fd, dad6597) that carry the same open findings; no open bug/owner decision needs this copy; not certification/release (no C1/Soak run yet, no release)
11309943245	website-check-report	25.3	37220365712	9ce85a6	2026-10-04T17:24	failure	failure gate run on 9ce85a6, classified in NOTES/buglog (2026-10-04); superseded by newer gates (fb891fd, dad6597) that carry the same open findings; no open bug/owner decision needs this copy; not certification/release (no C1/Soak run yet, no release)
11309800147	website	0.4	37218373043	281976e	2026-10-04T16:52	failure	failure gate run on 281976e, classified in NOTES/buglog (2026-10-04); superseded by newer gates (fb891fd, dad6597) that carry the same open findings; no open bug/owner decision needs this copy; not certification/release (no C1/Soak run yet, no release)
11309785178	website-check-report	25.3	37218373043	281976e	2026-10-04T16:52	failure	failure gate run on 281976e, classified in NOTES/buglog (2026-10-04); superseded by newer gates (fb891fd, dad6597) that carry the same open findings; no open bug/owner decision needs this copy; not certification/release (no C1/Soak run yet, no release)
11309671324	screen-check-report	22.9	37218373043	281976e	2026-10-04T16:52	failure	failure gate run on 281976e, classified in NOTES/buglog (2026-10-04); superseded by newer gates (fb891fd, dad6597) that carry the same open findings; no open bug/owner decision needs this copy; not certification/release (no C1/Soak run yet, no release)
11309604811	screen-check-report	22.8	37220365712	9ce85a6	2026-10-04T17:24	failure	failure gate run on 9ce85a6, classified in NOTES/buglog (2026-10-04); superseded by newer gates (fb891fd, dad6597) that carry the same open findings; no open bug/owner decision needs this copy; not certification/release (no C1/Soak run yet, no release)
11309369205	website	0.4	37220365712	9ce85a6	2026-10-04T17:24	failure	failure gate run on 9ce85a6, classified in NOTES/buglog (2026-10-04); superseded by newer gates (fb891fd, dad6597) that carry the same open findings; no open bug/owner decision needs this copy; not certification/release (no C1/Soak run yet, no release)
